TIMESTAMP,T2,RRR
2010-01-01,262.2054010310775,0.0
2010-01-02,266.4915213895953,0.0
2010-01-03,268.6419878339128,0.0
2010-01-04,265.47393347305325,0.0785376374332005
2010-01-05,266.60322099203296,0.2089898222752728
2010-01-06,268.8806978506256,0.2665779159768255
2010-01-07,266.89054677271304,0.2567435497928725
2010-01-08,264.80586373830624,2.61148580986037
2010-01-09,259.9329244485418,0.205571551718624
2010-01-10,254.19528454745503,0.0
2010-01-11,255.6902144015704,0.0
2010-01-12,259.2903670426086,0.0
2010-01-13,264.6790232364131,0.161644446889889
2010-01-14,265.18833750050163,0.2029725730622027
2010-01-15,267.8718862645458,1.260363088362478
2010-01-16,267.3920209237711,1.6846697053158397
2010-01-17,268.764808738801,5.306972290119627
2010-01-18,262.98614304623305,3.6226728439680143
2010-01-19,256.6652082223179,0.0
2010-01-20,259.9721139818636,0.1751508771732577
2010-01-21,266.631799208546,0.16965579134617
2010-01-22,265.43088694175447,0.1538133544569873
2010-01-23,265.4654087819086,0.1679265567897583
2010-01-24,266.7969053890087,1.252904548844043
2010-01-25,264.4040630451011,0.1954652368974996
2010-01-26,261.83027961781204,0.0
2010-01-27,264.6870931856099,0.1738150285235038
2010-01-28,266.2805323059707,0.0440146365920681
2010-01-29,267.7561128197382,0.4543059785263581
2010-01-30,264.44866515277727,0.0
2010-01-31,261.8366011403519,0.1067647509181699
2010-02-01,261.0703593704646,0.044055170123237
2010-02-02,259.92732527648803,0.0678835480222697
2010-02-03,262.7611732337469,0.2123362894771909
2010-02-04,266.2802386109063,0.994572158111352
2010-02-05,268.17292408614344,1.1158556940995583
2010-02-06,271.0277334433155,5.513322440003655
2010-02-07,268.32104077140923,0.1839408914366778
2010-02-08,266.9150776842732,0.2215734478012447
2010-02-09,263.95124531116863,0.2541491974841618
2010-02-10,260.92477675470025,0.1975220680770839
2010-02-11,261.27791937020146,0.164393568030799
2010-02-12,261.924003100218,0.2222598080360185
2010-02-13,259.9053669000272,0.2276100412425941
2010-02-14,259.59909319836083,0.1422448917111316
2010-02-15,257.11594271048256,0.0
2010-02-16,257.519617421939,0.0
2010-02-17,259.9150359914479,0.0
2010-02-18,266.29706919713146,0.1466450382835475
2010-02-19,268.8823881355334,0.2325879003677324
2010-02-20,270.64042881641063,0.1991767981926764
2010-02-21,271.6979939749174,0.1891037344777519
2010-02-22,273.18108309798686,0.2805228034330966
2010-02-23,272.4507023457004,0.3212330369949912
2010-02-24,271.3375158524039,0.2230774212754687
2010-02-25,269.1571165493831,0.0
2010-02-26,269.57094941367154,0.2187394335744832
2010-02-27,267.4390493751273,0.2033344389677533
2010-02-28,269.10128428756246,0.1870163840502707
2010-03-01,269.5126999380951,0.1671068815345524
2010-03-02,269.38624877351856,2.116505295479816
2010-03-03,269.6891308240656,0.1785159054247098
2010-03-04,271.34605150443167,6.097917622456791
2010-03-05,270.42612590364905,0.204100283672997
2010-03-06,270.3606339241321,0.1591665795222094
2010-03-07,269.35323275018385,0.0644831945705644
2010-03-08,271.1088997654503,0.1468817377394804
2010-03-09,270.96993673588946,0.0076311185400801
2010-03-10,273.1823551951568,0.208077984891891
2010-03-11,273.5069123170036,0.2191255446278666
2010-03-12,268.92614990059025,5.391919172780478
2010-03-13,265.19166103999004,0.0
2010-03-14,271.4929503761558,0.2187956566960525
2010-03-15,273.35650007087696,0.4284494542054722
2010-03-16,274.681990280901,0.0406274319709307
2010-03-17,276.66009798509754,0.0
2010-03-18,276.5624952154539,1.75439041037174
2010-03-19,279.6438944201222,0.1750147593945032
2010-03-20,274.8695632570491,7.108981141765161
2010-03-21,271.2119459225628,0.2005669928233509
2010-03-22,268.83791458528464,0.2072646781491194
2010-03-23,269.27731808422175,0.0293973781183938
2010-03-24,272.27477488658,0.2731789367178847
2010-03-25,270.72034600046385,0.4912093993853133
2010-03-26,273.2173129229645,0.1361549209854338
2010-03-27,273.7670388745044,1.2735249398407564
2010-03-28,265.3706864331423,0.4274221342647271
2010-03-29,269.587111540076,0.0
2010-03-30,271.0725119942937,0.0
2010-03-31,268.9369127197484,0.0
2010-04-01,270.4462237909524,0.0
2010-04-02,272.2552764430552,0.1773577857583259
2010-04-03,274.5200005481647,0.116850325191872
2010-04-04,272.97490901495985,0.2587637840061163
2010-04-05,272.0326850766332,0.1377502351258532
2010-04-06,273.41738286978136,0.0
2010-04-07,275.7402616284674,0.4890116442326415
2010-04-08,275.20172867317416,5.407025981029233
2010-04-09,275.7457008243546,0.5026833326962576
2010-04-10,276.1738727564125,0.2944421074510108
2010-04-11,276.9288390123227,0.2805479711620704
2010-04-12,275.914177253571,16.057686547403026
2010-04-13,274.877341399678,0.3440951965816541
2010-04-14,277.5124203994093,0.1622605493655113
2010-04-15,277.5126272123616,0.260841548193564
2010-04-16,276.4920055434404,0.1534074642716802
2010-04-17,275.060551163831,0.2465739380131661
2010-04-18,274.6492550697926,3.1767154657410077
2010-04-19,271.4809030264624,0.1844571330381528
2010-04-20,273.4160434539701,0.0
2010-04-21,275.1905527364808,0.0
2010-04-22,275.1436684749132,0.0
2010-04-23,274.9883109730436,0.0
2010-04-24,276.4888926828976,0.0
2010-04-25,276.7510316752792,0.0
2010-04-26,276.5466713222671,0.0
2010-04-27,277.3029398056508,0.0
2010-04-28,277.5113787812843,0.1721341615865204
2010-04-29,277.931893015453,0.2310663136615198
2010-04-30,278.6624610276692,0.1625384374205878
2010-05-01,278.98442650113475,6.072608738283469
2010-05-02,278.2271682696449,2.120636410169054
2010-05-03,278.16357736697967,1.126521417060128
2010-05-04,277.6947855789855,4.196150231738683
2010-05-05,279.2130784664392,0.1315715337944321
2010-05-06,280.0195478838055,4.696954830929776
2010-05-07,279.42233815625553,2.3091508661481277
2010-05-08,279.6401093249044,6.455344989279627
2010-05-09,279.4631376678742,1.9653962021511295
2010-05-10,279.00230327963726,1.1705707876727574
2010-05-11,278.3856651120765,1.2348359851170785
2010-05-12,276.8671056187414,0.2264911450432556
2010-05-13,277.68137439629027,0.1465345926133181
2010-05-14,274.7481915971728,5.805230361429844
2010-05-15,273.0047114240142,0.0433797499716839
2010-05-16,275.2357346221354,0.0078457844492374
2010-05-17,278.14351602792954,0.2434233628513795
2010-05-18,278.1818437965636,3.668433300701592
2010-05-19,277.58598305869816,0.4420867306313942
2010-05-20,278.2964887306765,0.0787495246193643
2010-05-21,279.75331431360047,13.043539233778542
2010-05-22,280.13903441787386,7.900301316425393
2010-05-23,277.93294249830217,4.693416669275816
2010-05-24,276.98653087730384,0.192710904119681
2010-05-25,278.420004933611,0.17186503902953
2010-05-26,279.6557097842157,1.1774009905435578
2010-05-27,278.82705905833365,2.275062749748447
2010-05-28,278.1766005414547,1.3878077549741017
2010-05-29,278.73059027394,0.1845365873702353
2010-05-30,279.34058035498595,0.0248447884800611
2010-05-31,280.4509038534144,1.249774104541565
2010-06-01,280.1387111996323,0.443302203565739
2010-06-02,280.633805887582,6.67101403751426
2010-06-03,280.2424119133108,5.6753530028697785
2010-06-04,279.99573705798485,0.2883980486597974
2010-06-05,279.1783250180478,0.2767338122816267
2010-06-06,279.7642426634534,0.0645620857219335
2010-06-07,281.1613004277917,0.3193361408517188
2010-06-08,281.11798149880354,3.096528308534135
2010-06-09,281.2691589462993,0.2817735012816071
2010-06-10,281.29484232821886,0.2611667683131773
2010-06-11,281.6909667098631,2.640847336514178
2010-06-12,281.54149731034425,0.3217861999058247
2010-06-13,281.40409138681383,0.2823654500091472
2010-06-14,281.84020871304807,0.3310035944383327
2010-06-15,282.5376370466172,7.924405311564207
2010-06-16,282.46591993711434,9.45938909507987
2010-06-17,283.0566423417284,9.96516255544648
2010-06-18,283.26671909230583,14.112542685558363
2010-06-19,283.50906539410465,0.2645513019681589
2010-06-20,283.05368851368854,3.035884986138821
2010-06-21,283.1891827443031,0.2189019207965283
2010-06-22,282.0667928535118,9.59715426099852
2010-06-23,282.75523867027306,0.6081722247298922
2010-06-24,282.1334705183393,10.182058676917745
2010-06-25,281.29290026012075,1.1751938707179952
2010-06-26,281.48377671396213,0.2118317467733466
2010-06-27,282.01176894700603,0.1587369013453863
2010-06-28,281.7406846123815,0.1623938595499001
2010-06-29,282.18612726864546,0.1632940141451386
2010-06-30,282.03865835737486,0.1731611268418773
2010-07-01,282.0046739222329,0.2165676818425514
2010-07-02,281.818036756392,6.516612286774569
2010-07-03,281.9852056280271,0.1774319494715319
2010-07-04,281.6598997015061,3.206696370521133
2010-07-05,282.8794366339976,0.2211975918467272
2010-07-06,282.10036031309414,0.4741664788211597
2010-07-07,283.01811827258206,0.1561693776389134
2010-07-08,283.15998371727096,1.4384330204653226
2010-07-09,283.4419330114477,0.2855967759732813
2010-07-10,282.3157445569837,0.3979483122686877
2010-07-11,281.9924679146448,0.2342300046792622
2010-07-12,281.578195034432,0.2244997059306899
2010-07-13,283.5035380471082,3.292994745634795
2010-07-14,283.15525926721034,8.230809954589198
2010-07-15,285.0016823818013,0.1658725830910683
2010-07-16,286.6130711474723,0.2176277930137831
2010-07-17,287.7747793311701,0.2389208744309912
2010-07-18,286.31975815915325,7.263558346273376
2010-07-19,283.0910079216352,1.8522617652261584
2010-07-20,283.5744657527929,0.3258513361917627
2010-07-21,283.4648363941521,6.631981152928731
2010-07-22,283.5534458767167,3.155940373202493
2010-07-23,283.46805950514096,1.9550401626222649
2010-07-24,285.76151038106195,21.398266948166395
2010-07-25,285.7147287473132,21.334211311771355
2010-07-26,286.1692358027825,0.4456170826296644
2010-07-27,285.58639968955055,0.3723530153664087
2010-07-28,286.9516313499003,1.195812202343875
2010-07-29,285.3521849850707,9.995076708272297
2010-07-30,285.7950861712489,12.481460445309772
2010-07-31,282.6395519363565,22.01046431024244
2010-08-01,282.3445942614921,0.0
2010-08-02,284.1119494800045,0.16003389534606
2010-08-03,287.99535937452896,0.0635567730160935
2010-08-04,290.01172846440284,7.634674889020793
2010-08-05,291.24136425717893,10.193080486158532
2010-08-06,289.32466200812735,9.796545165036532
2010-08-07,287.1325335516275,12.324408522600024
2010-08-08,285.81062145807226,11.540831609504547
2010-08-09,284.0572680239507,1.8866749502099804
2010-08-10,284.069285334311,0.2838512409937916
2010-08-11,284.5051771859565,0.0
2010-08-12,287.18602405495176,1.796382573136484
2010-08-13,287.7030011681052,22.44678277359965
2010-08-14,286.5063093867529,23.104645037149133
2010-08-15,284.84596113303,21.30112418816079
2010-08-16,284.735685895335,0.3809951269110707
2010-08-17,284.7091149796933,0.2121700211544501
2010-08-18,284.0707697444383,0.4586543432799022
2010-08-19,284.4436261297936,0.2330118669609011
2010-08-20,285.5704641682103,0.2340030349069379
2010-08-21,284.04571198821776,2.171702990330439
2010-08-22,285.9736624598189,0.1957537739713286
2010-08-23,284.1111792196603,23.14047061282612
2010-08-24,281.16371915598955,11.600789688294652
2010-08-25,279.9886867671744,17.256981076302026
2010-08-26,281.5225684032923,0.2240841596272231
2010-08-27,281.36998963811374,2.4431336663980066
2010-08-28,282.2584170354943,0.0447347511238283
2010-08-29,283.1669885291647,0.2123834832145112
2010-08-30,283.44572863844,5.952034463466221
2010-08-31,284.27813557272003,5.209041863596319
2010-09-01,285.5154131858282,4.913086924548479
2010-09-02,283.08349226880614,10.774230317228213
2010-09-03,282.8097317890059,0.1970607056269353
2010-09-04,283.12732333616646,0.0
2010-09-05,284.07051176370817,0.0
2010-09-06,284.9034217458827,0.1258790115773267
2010-09-07,283.93345358787616,1.8548056048464048
2010-09-08,283.1481269413345,0.6304065559531269
2010-09-09,282.7085107072716,2.576243583374987
2010-09-10,281.94817578183626,0.2689399461480322
2010-09-11,282.2725708795926,0.3328036713919533
2010-09-12,279.8844091409806,17.37961823047096
2010-09-13,277.3121938022162,0.3736758877630093
2010-09-14,279.4233100789159,0.1535360227406048
2010-09-15,280.91859346960484,1.6407834675820276
2010-09-16,280.37306995458783,17.086624378361705
2010-09-17,277.45319384736536,9.071868598672054
2010-09-18,277.7783299540039,7.357368942194988
2010-09-19,277.6264419160438,10.154719923756604
2010-09-20,276.54639842908455,0.0
2010-09-21,279.3191308858589,0.1418785705029703
2010-09-22,279.46326791671004,0.3048161880086151
2010-09-23,278.59521395965817,0.7708157633062421
2010-09-24,279.3967730262175,3.1407570904015367
2010-09-25,278.6180045964616,3.1678826669855003
2010-09-26,277.2284164626452,0.2842262641448683
2010-09-27,277.1254325916447,0.2153891447577489
2010-09-28,276.62529247466705,0.1479575094005265
2010-09-29,277.2950566578218,0.0487016307677048
2010-09-30,278.2239377622802,0.0
2010-10-01,279.32205845527074,6.355009110367938
2010-10-02,278.30076261239844,0.0
2010-10-03,279.1441679396867,0.0
2010-10-04,279.4173317525962,0.0
2010-10-05,279.6186192546628,0.1672649899390519
2010-10-06,279.7305216313572,0.3855067381818327
2010-10-07,279.4873076265105,2.056650769570638
2010-10-08,277.9436947501039,7.123566867778376
2010-10-09,274.00841250811715,0.2749012051400208
2010-10-10,274.944393040693,0.1669105972405176
2010-10-11,274.823732406773,9.757048355102167
2010-10-12,272.11476732883864,0.0
2010-10-13,274.9346293759453,0.1964270727510746
2010-10-14,276.1408030107639,0.2642708395897102
2010-10-15,276.4779008921507,0.2378245548524129
2010-10-16,276.28079227749384,0.1176684389773699
2010-10-17,277.7766076458571,0.2318421313223186
2010-10-18,277.67703744892674,0.0
2010-10-19,276.97033342032154,0.1503204646652614
2010-10-20,276.66348969663227,1.3331755249515178
2010-10-21,273.9884089429594,21.84806261825393
2010-10-22,268.20985031780674,2.338096540090242
2010-10-23,268.9080457175252,0.1755681700366349
2010-10-24,268.9004361348192,0.0012332954470244
2010-10-25,268.1933144008089,0.0
2010-10-26,267.93024679871127,0.0
2010-10-27,267.1172061140447,0.0
2010-10-28,268.72454721718736,0.1823698420092705
2010-10-29,272.5627885340014,0.4935344633957033
2010-10-30,273.77793427781893,0.0
2010-10-31,272.9752209601844,0.1728427218304029
2010-11-01,271.4441134743921,0.0
2010-11-02,270.8762964223835,0.0
2010-11-03,274.5447953556288,4.202590720746212
2010-11-04,269.2647180951858,6.009159443336904
2010-11-05,267.31547979265633,0.0
2010-11-06,270.3878092675806,0.0
2010-11-07,271.55077471424886,0.0
2010-11-08,270.3728673182392,0.0
2010-11-09,272.3698993248417,0.0
2010-11-10,268.36418449850805,0.0
2010-11-11,272.8158270904927,0.0
2010-11-12,268.5430660511997,0.0
2010-11-13,267.89696200593573,0.0
2010-11-14,268.1312805071555,0.0
2010-11-15,267.6196378017564,0.0
2010-11-16,271.48458009371814,0.182625880709047
2010-11-17,271.6163356404802,0.0248042497675162
2010-11-18,270.77006220813826,0.0001936313579151
2010-11-19,272.3924211594841,0.1919840363276066
2010-11-20,270.6864703400224,0.2727753713532856
2010-11-21,269.8614687079619,0.6080286076866093
2010-11-22,267.45307996208857,0.1796200654857662
2010-11-23,266.7275402796856,0.0072336344645518
2010-11-24,267.1178318561233,0.0
2010-11-25,267.2258300978168,0.0456960435550548
2010-11-26,269.3806193478459,0.1686469612522221
2010-11-27,267.90711838343816,0.0002588340483657
2010-11-28,267.3389923832612,0.0
2010-11-29,267.0742445472281,0.0
2010-11-30,267.36456648852607,0.0
2010-12-01,265.36323026752297,0.0
2010-12-02,268.6275478910913,0.0
2010-12-03,271.21562922107915,2.466843278285494
2010-12-04,260.46344387946834,0.2115875380764351
2010-12-05,257.5062387630635,0.0
2010-12-06,259.20387416222337,0.0
2010-12-07,263.5431798969749,0.0
2010-12-08,269.4123305080368,0.0
2010-12-09,269.7533563684779,0.0
2010-12-10,269.76886085749334,0.0
2010-12-11,269.4930204781165,0.0
2010-12-12,267.0161203896648,0.0
2010-12-13,267.1205893983361,0.0
2010-12-14,265.09938960025295,0.0
2010-12-15,265.57201123087526,0.0
2010-12-16,269.81839401627553,0.1454798225243232
2010-12-17,264.40354638729127,0.1800593866594453
2010-12-18,261.3051030058979,0.0
2010-12-19,263.84689810360675,0.1872612961004642
2010-12-20,269.4329109587498,0.4933979375762358
2010-12-21,265.5627182487758,0.1786925272613733
2010-12-22,262.80351760331496,6.014163152356463
2010-12-23,257.6066026666661,0.178728167845227
2010-12-24,258.1416612939739,0.0
2010-12-25,263.2971716952033,0.0
2010-12-26,263.1871909281577,0.0
2010-12-27,263.94697771220325,0.1568026017276773
2010-12-28,264.06987690882164,0.0022826215126898
2010-12-29,262.43225415389054,0.0
2010-12-30,264.3528218270821,0.0975773454229593
2010-12-31,260.3928378979657,0.2034416113326487
2011-01-01,258.7969048078704,0.1789092301204613
2011-01-02,260.00906106565503,0.032621204737671
2011-01-03,266.7817165878821,0.1703560409175533
2011-01-04,265.4157669024442,0.4462648106533442
2011-01-05,262.926756253094,0.2933453902797653
2011-01-06,259.9564359919522,0.1652040346555485
2011-01-07,259.55296879435906,0.2020746250305112
2011-01-08,257.2138153009489,0.0551058746727961
2011-01-09,255.07034929234817,0.0
2011-01-10,256.15950115849404,0.0029595876202905
2011-01-11,257.8408549369278,0.1010137221510698
2011-01-12,255.52515608049745,0.0
2011-01-13,255.49222509723768,0.0
2011-01-14,258.35389151823614,0.0
2011-01-15,259.9457680887264,0.1080498292855973
2011-01-16,259.9508013822428,0.0
2011-01-17,261.87124392396663,0.255437528593651
2011-01-18,261.3094734239448,0.3774867956429144
2011-01-19,259.9490419001789,0.1528725867723825
2011-01-20,259.83943451152487,0.0
2011-01-21,259.95347154850015,0.0196356319913999
2011-01-22,258.02937791212696,0.3044120215215509
2011-01-23,260.53162888156464,0.2775378975371734
2011-01-24,259.18547124854985,0.3537865161128404
2011-01-25,256.7006953682202,0.2164313650014764
2011-01-26,258.07912078145233,0.1643393421442591
2011-01-27,257.0019974395617,0.0
2011-01-28,259.9204774587818,0.0
2011-01-29,257.5132579409213,0.0
2011-01-30,259.922732581839,0.0
2011-01-31,263.47767064714446,0.1988673518086385
2011-02-01,267.2378116651512,0.1909383562837709
2011-02-02,268.9053725156026,0.1381002185715891
2011-02-03,270.7602756692268,0.2098918154816063
2011-02-04,270.58984841526654,0.2861422211701869
2011-02-05,269.7859409264849,5.209663412292777
2011-02-06,268.3702411373889,0.2175618722642707
2011-02-07,269.3711975316153,2.3211917701307603
2011-02-08,265.3371479436804,0.1732924081
2011-02-09,266.6981341882626,0.4965613424221573
2011-02-10,262.60608675977187,0.1823202447734575
2011-02-11,262.6774267336754,0.0
2011-02-12,265.55265220006424,0.0957640786469795
2011-02-13,269.47537379674264,0.3720214084524678
2011-02-14,266.9239840909744,0.229878314808031
2011-02-15,264.13133703850525,0.0
2011-02-16,263.36548985477384,0.1753513355745237
2011-02-17,262.39295596811843,0.1323909619912353
2011-02-18,262.67374570567614,0.0
2011-02-19,264.9729733265665,0.1684247030855934
2011-02-20,265.0833538135534,0.2493819487862323
2011-02-21,269.1936441785734,0.2529392860975152
2011-02-22,268.93393154094423,0.216604678704454
2011-02-23,268.7792208258075,0.247715953562577
2011-02-24,264.138746715783,0.1787466106949484
2011-02-25,263.54603027361384,0.2568652107877835
2011-02-26,263.52222277663293,0.2520462748569951
2011-02-27,262.9602135504436,0.1717389658025394
2011-02-28,263.4654020808904,0.0473558811345808
2011-03-01,263.7429885244637,0.2181391867273039
2011-03-02,265.4377796268987,0.2601156414875547
2011-03-03,264.61326544009154,0.1649369614291533
2011-03-04,265.74277607570724,0.2976388551317832
2011-03-05,266.33379440461067,0.2965608170497449
2011-03-06,267.2038790047581,1.6230907327962267
2011-03-07,269.87967785553604,0.2192737605703982
2011-03-08,267.35799256177523,0.152256027141324
2011-03-09,266.5207904477269,0.0
2011-03-10,269.59339613578857,0.0025875847978331
2011-03-11,271.5889507834568,3.273504272727958
2011-03-12,266.034331438329,0.2153111104239831
2011-03-13,267.3803498590873,0.0
2011-03-14,272.2776879163392,0.0
2011-03-15,275.0361631973201,0.3552882648005397
2011-03-16,263.3022868644902,0.5939222867771825
2011-03-17,269.18624043090114,0.1487355920331294
2011-03-18,266.9430953351512,0.1710040920734998
2011-03-19,267.2662071026593,0.1945759417493646
2011-03-20,263.8274479347429,0.1555149404380611
2011-03-21,264.0220958627117,0.0590148738761244
2011-03-22,264.7030146101632,0.0
2011-03-23,266.3418844423209,0.0
2011-03-24,269.18661619083724,0.0
2011-03-25,273.3735368745621,0.0278715909085132
2011-03-26,273.39224234853583,0.175570814621943
2011-03-27,273.98063915243,0.1620000950824762
2011-03-28,275.0361744352186,0.4489925757938982
2011-03-29,273.9849219424726,0.0413640163932893
2011-03-30,273.609980248893,0.0473662269389401
2011-03-31,273.827001817479,1.2556288176044963
2011-04-01,273.8636934909133,1.93860496981819
2011-04-02,273.59473398419885,11.483708191624595
2011-04-03,271.2207914700852,2.398472504768644
2011-04-04,263.73468500577394,1.2266209345368744
2011-04-05,265.8691646856802,0.1709019850117912
2011-04-06,268.6524066824643,0.0
2011-04-07,268.533173402172,0.0
2011-04-08,269.40190273324424,0.0
2011-04-09,271.3743702751457,0.0
2011-04-10,273.56509840178893,0.0
2011-04-11,275.81202596859737,0.0
2011-04-12,275.3150299375346,0.0
2011-04-13,275.51951606953446,0.0
2011-04-14,276.38751220531793,0.0
2011-04-15,277.0167115837156,0.0
2011-04-16,278.00889899148024,0.0
2011-04-17,277.4787031985817,0.303036440471442
2011-04-18,276.88553354168755,13.397310023930055
2011-04-19,276.8062843075118,0.2747447840948989
2011-04-20,276.4784133991011,0.2821647708844594
2011-04-21,276.4798517349512,0.0
2011-04-22,278.8536083589408,0.0
2011-04-23,278.9737180687086,0.0
2011-04-24,279.6686764995239,0.0
2011-04-25,280.6317067589995,0.0
2011-04-26,279.67462385847045,0.0
2011-04-27,279.6619357556649,0.2092333050173149
2011-04-28,279.0308926065824,0.2138390247629054
2011-04-29,278.4044414930681,6.982701583438315
2011-04-30,277.4197741576063,0.2146520243485263
2011-05-01,277.33778934189445,0.1992415082465473
2011-05-02,279.2707318439551,0.0
2011-05-03,280.73675387484565,0.0
2011-05-04,281.13446530499425,0.0331479048595948
2011-05-05,282.12339244946327,0.2631320436463293
2011-05-06,279.9909966215595,8.983077616730254
2011-05-07,278.4802104698539,0.2386429853546237
2011-05-08,278.0122079801099,5.122784837858822
2011-05-09,277.3533559629976,0.2856538347329898
2011-05-10,278.02978582788785,0.379244309859448
2011-05-11,278.8726611653641,12.012763630053747
2011-05-12,277.51537186434103,7.077155723648978
2011-05-13,278.31838831925546,0.1633384106865689
2011-05-14,280.3606702942281,0.0
2011-05-15,281.5771637039673,0.1529405735598377
2011-05-16,283.0641761013213,0.2427347860166513
2011-05-17,281.0696866141908,2.6580913760870715
2011-05-18,280.2668279356572,2.072694032001433
2011-05-19,279.0826352217377,7.415929848650885
2011-05-20,277.1653303009645,2.7254509221742524
2011-05-21,277.5379244898774,0.229049697031302
2011-05-22,277.8024359125752,0.2168549153014487
2011-05-23,279.5052959696337,0.2637754927717428
2011-05-24,279.58017522733286,0.233793636339447
2011-05-25,280.62991302144025,2.7748706514400263
2011-05-26,280.0028829846386,8.138273033069636
2011-05-27,279.28588618964494,0.258664252126735
2011-05-28,280.3276565336048,0.1713620094905075
2011-05-29,281.47723271491293,9.250548972619953
2011-05-30,281.0600152753134,0.5116621499139034
2011-05-31,280.1984685464131,8.500566729313316
2011-06-01,278.4275961068731,0.3888845201116269
2011-06-02,279.87955619597096,0.2007440716395934
2011-06-03,281.29907268687293,0.0368312502610181
2011-06-04,282.11937379562085,9.381889581651178
2011-06-05,280.6729659969876,2.1408798522806016
2011-06-06,281.13792776543926,0.3385384840854597
2011-06-07,281.0693065841089,0.2090909888799643
2011-06-08,281.3680741887574,3.5977259353657485
2011-06-09,281.83697311529164,0.242105639599681
2011-06-10,282.8813246372615,0.2655311967476523
2011-06-11,283.49626926505323,6.304645948066343
2011-06-12,282.8932696010006,23.10300183537909
2011-06-13,282.2079145692192,0.4983418799400083
2011-06-14,282.4911054120351,0.4378174458033244
2011-06-15,282.7566326239751,0.2300139720986649
2011-06-16,282.43380585266,5.075207407309353
2011-06-17,281.84138513254464,0.3755213761515963
2011-06-18,281.85714129732924,1.263790115780959
2011-06-19,281.86500058576024,0.2947981875089545
2011-06-20,282.36752071134606,0.1838011167954267
2011-06-21,283.1203748465961,0.2335907461257567
2011-06-22,283.0670276018551,1.2025821119436668
2011-06-23,282.9174914468783,0.2120446596063507
2011-06-24,284.0992573169036,0.1257852403972168
2011-06-25,286.7397651499958,10.95698232778975
2011-06-26,282.8022834731236,9.892122200939266
2011-06-27,282.9792725003816,0.2046188619458557
2011-06-28,282.2972723258102,0.4489571877830371
2011-06-29,281.8469972071946,3.8041617786995223
2011-06-30,282.1366464990477,5.38188305055264
2011-07-01,281.1222946567978,2.068057045786745
2011-07-02,280.78185056868966,1.2022279080593052
2011-07-03,281.6177734025328,0.0414281648388472
2011-07-04,283.723890500291,0.2809121889519534
2011-07-05,284.0797863709941,0.2012680355640417
2011-07-06,283.99788743493343,0.2119291898657238
2011-07-07,283.0311323136375,0.2119462593651115
2011-07-08,283.0890034278732,0.2513199660038896
2011-07-09,282.3707244786011,7.125698211681778
2011-07-10,283.6332083565522,0.2267443238214566
2011-07-11,284.8142465175375,0.157430941275465
2011-07-12,286.72710838267045,0.2361444911346288
2011-07-13,287.72541456477325,2.140562224483193
2011-07-14,285.8035131031691,23.14642490924072
2011-07-15,282.2808638007804,8.649382173630869
2011-07-16,283.19455536206686,0.1787889663082582
2011-07-17,284.47771760493833,13.064967890885717
2011-07-18,284.97108344573326,17.346389178924184
2011-07-19,282.78170717976207,15.132674609747369
2011-07-20,282.8904530713564,0.4158568973838594
2011-07-21,283.1347282258404,0.2263180617920668
2011-07-22,285.94571222319485,12.347943541373851
2011-07-23,286.34691266239486,0.8801233438504897
2011-07-24,288.0824840417209,0.1809751135866784
2011-07-25,286.5501532846721,2.071422797443216
2011-07-26,282.0799088557234,6.0519879845626
2011-07-27,282.6024094687147,0.1834048977857274
2011-07-28,284.7421361176335,0.2231152998545145
2011-07-29,284.6196540606478,0.211337244936993
2011-07-30,284.3767683618577,0.4081257795526072
2011-07-31,283.59183149018247,2.1489061932507645
2011-08-01,284.0789888524148,0.2285758870634311
2011-08-02,284.6196209459756,0.1774922978823903
2011-08-03,286.9850530249674,0.0
2011-08-04,289.0948998545647,0.1290772747670976
2011-08-05,288.2091071849519,0.1733368273144713
2011-08-06,288.3801937225916,0.0214924120503368
2011-08-07,288.4630607705497,3.1606975589997446
2011-08-08,284.12678196538,11.239546906409746
2011-08-09,283.3098505509015,0.2534025954182057
2011-08-10,282.0531764707818,9.99711560462366
2011-08-11,279.4815673663515,6.995518375749648
2011-08-12,280.20488381374645,0.1504336357533739
2011-08-13,282.0426307032566,0.1364979561817472
2011-08-14,284.07120983812035,0.0047814757937183
2011-08-15,284.0900068806464,0.247520474209181
2011-08-16,284.0189650230438,0.3765885171450309
2011-08-17,284.0660392996257,0.2524251442961973
2011-08-18,283.1618631852963,0.6348475922265522
2011-08-19,283.9492039140412,0.2751244649827826
2011-08-20,284.8086743954768,0.2494187079917902
2011-08-21,284.70046199505776,10.659354238021438
2011-08-22,284.7033298143098,0.0011718920754053
2011-08-23,287.1733013460273,0.1740783087511483
2011-08-24,287.4061307947242,13.100476892757074
2011-08-25,286.6706935700723,7.439294625621901
2011-08-26,285.50108726563496,20.562413982918784
2011-08-27,282.8686321790496,11.879258962711395
2011-08-28,283.27716587481393,3.462746455192187
2011-08-29,281.55515185337873,1.5005210688240154
2011-08-30,282.34618027422243,5.226877918924516
2011-08-31,281.5907517544079,12.028548717284805
2011-09-01,282.0326358095045,0.2501867236255883
2011-09-02,282.8602197552652,0.2565463481106291
2011-09-03,283.0730158923916,0.2419849979360928
2011-09-04,282.39899382415405,0.2275307044345487
2011-09-05,282.4645403903456,0.0514799090079005
2011-09-06,282.6894845631107,0.1512879826459305
2011-09-07,284.08551118176814,0.0
2011-09-08,283.6791187743576,0.3804360425423239
2011-09-09,282.34763695196784,22.854241438150645
2011-09-10,282.6174696452425,0.2678934664055352
2011-09-11,282.3375805199549,0.0
2011-09-12,282.8376224964482,0.1754512649703625
2011-09-13,282.9088229081347,0.1722438476315746
2011-09-14,282.58657322568763,0.3581007682441126
2011-09-15,281.55003816002954,2.446834188219403
2011-09-16,279.8830735534406,11.080188947937517
2011-09-17,279.0334803120786,0.3449181344813905
2011-09-18,280.09745200859913,0.171008432007407
2011-09-19,280.1816053841845,0.7169899360176406
2011-09-20,280.37686827957054,6.062838726582959
2011-09-21,280.62032344559003,9.011593529857588
2011-09-22,279.1880219445854,0.3070156572177054
2011-09-23,279.89938021265164,6.50653964100123
2011-09-24,279.1860183161386,0.1827968630813474
2011-09-25,279.4584763348289,0.1425481669223722
2011-09-26,279.33320681473225,0.1516219352168373
2011-09-27,279.3431475967841,0.2174873937208652
2011-09-28,279.48979534494174,0.2470232019161413
2011-09-29,279.3674676307873,8.249734808608917
2011-09-30,278.875925357555,8.437495243874565
2011-10-01,278.0359104919146,0.233762365949969
2011-10-02,278.76230560992127,0.0
2011-10-03,280.9690596771144,0.2263868872625749
2011-10-04,281.1179403707726,0.2889744107910235
2011-10-05,279.35394922489945,3.810727694866524
2011-10-06,279.00487892233764,1.905236675917878
2011-10-07,277.3478688447011,8.710723209077557
2011-10-08,277.20998263638063,3.6476826103138222
2011-10-09,275.27452124285253,0.2864342609118957
2011-10-10,276.5298421045578,0.0
2011-10-11,276.3055638380474,0.0
2011-10-12,278.4756728270949,0.1383401258251855
2011-10-13,279.4500244270731,0.244637920069433
2011-10-14,279.2830021053888,2.0726010380791777
2011-10-15,278.4428922844162,0.3780380145393369
2011-10-16,277.12634469835194,0.2523624646218474
2011-10-17,276.83777256008045,0.1263127108317692
2011-10-18,276.7502531766254,0.2068620384568285
2011-10-19,275.87051809685494,1.6486487074554257
2011-10-20,275.10339301503745,1.3904113891320042
2011-10-21,272.929401365099,0.0211060380098062
2011-10-22,272.93436196288474,0.0
2011-10-23,275.69466645411376,0.1976942428612405
2011-10-24,274.8228644464451,0.4752471180021016
2011-10-25,271.13580931328295,0.1571691233809782
2011-10-26,271.5078470598547,0.0003871302118916
2011-10-27,273.56516916218925,0.2380424237909277
2011-10-28,275.27666188869256,8.841085543396606
2011-10-29,271.254084469834,5.292402870287189
2011-10-30,263.64606853519,0.0031803089545061
2011-10-31,269.4193849725156,0.2473417408712455
2011-11-01,272.77230463395506,6.506629162130162
2011-11-02,269.384175524464,0.2542539898877278
2011-11-03,267.24123658245963,0.2707504731309462
2011-11-04,270.39709482697435,0.4819786853316385
2011-11-05,268.51203305695446,0.2615222691991752
2011-11-06,267.3584225187526,0.0150198754578865
2011-11-07,272.02055749282647,0.0023886073268402
2011-11-08,273.60530239439095,0.2479546270623471
2011-11-09,271.65241017533225,0.2335114790045502
2011-11-10,268.7791763681698,0.2135739937905909
2011-11-11,265.7762890131761,0.0
2011-11-12,267.6476334032941,0.1770833614672764
2011-11-13,268.7413782079544,0.2134183807405221
2011-11-14,271.22343074581835,0.4090388022715896
2011-11-15,266.67665065357033,0.3342262763176618
2011-11-16,267.86441682373385,0.4170398750303028
2011-11-17,268.6610992378736,0.1737568498316244
2011-11-18,271.09207864150613,0.5002250100794448
2011-11-19,270.0001411410007,0.3351446936496229
2011-11-20,267.3157041914858,0.2270144379454313
2011-11-21,272.9233322610769,0.2880277315985855
2011-11-22,272.9714810906419,0.2251816028429669
2011-11-23,269.9399778046456,0.231981387393823
2011-11-24,270.71242829461795,0.2583415780848388
2011-11-25,271.53701681314925,0.2975769433530799
2011-11-26,271.22050372706093,0.2441005680893029
2011-11-27,270.1895121976183,0.2707152498198737
2011-11-28,269.20915687355495,1.2709142239397797
2011-11-29,265.3095908179115,0.0152266309870339
2011-11-30,263.8896615621728,0.0
2011-12-01,267.7599306173131,0.0
2011-12-02,267.27235246142305,2.5490465843606254
2011-12-03,264.15260670763075,0.4642472985054215
2011-12-04,261.99375609184585,0.2329143356898304
2011-12-05,261.27106066862393,0.1754030642636901
2011-12-06,264.8341774181153,0.1491566823859853
2011-12-07,263.49957652666353,0.0047020767377314
2011-12-08,262.5123530729671,0.0
2011-12-09,263.94183408779224,0.1061343813582025
2011-12-10,262.04055792210346,0.1009949957785447
2011-12-11,259.7949431543944,0.0089753140620147
2011-12-12,263.33068801692895,0.3414799751250037
2011-12-13,259.82537041032333,0.2089342286001141
2011-12-14,260.9389077600905,0.1615919046964384
2011-12-15,260.7300835493758,0.2728872657423498
2011-12-16,257.3194911526241,0.1915802886795992
2011-12-17,257.53120098485795,0.0889716190522103
2011-12-18,263.82797707397776,0.1814898457089553
2011-12-19,263.3294637728208,0.2486453968579924
2011-12-20,263.4604080021006,0.15210401696787
2011-12-21,262.6975510989437,0.0335790091670411
2011-12-22,260.72314492799256,0.0028494375501533
2011-12-23,259.1246600940175,0.0685207377482461
2011-12-24,258.2176490354228,0.0468530997599971
2011-12-25,259.1287768941216,0.0257156419334505
2011-12-26,261.9411433792828,0.2097232416894405
2011-12-27,264.2400485335809,1.004728089143057
2011-12-28,264.7259553942184,2.659419293645479
2011-12-29,263.13825375155847,0.2742760401187079
2011-12-30,264.2427095292882,0.2773035755677264
2011-12-31,259.14810524504566,0.0014829369673619
2012-01-01,259.0915789175264,0.0
2012-01-02,259.7646411689716,0.0
2012-01-03,259.18794465154923,0.1720531680701806
2012-01-04,259.14683362909824,0.1925662989143077
2012-01-05,265.2004774916077,0.158684845860032
2012-01-06,261.9948354877381,0.0084647336574257
2012-01-07,260.44143580194674,0.0755286690935459
2012-01-08,260.3743402511916,0.0674741919213488
2012-01-09,258.42688550289984,0.13235253306324
2012-01-10,259.12093739943293,0.192667027216721
2012-01-11,259.11362818960083,0.0101511892627639
2012-01-12,259.0539258913092,0.0208708781775466
2012-01-13,263.08807609439333,0.1726311124415536
2012-01-14,262.6760915127836,0.2484350521202458
2012-01-15,265.4857933796551,1.8328215540250108
2012-01-16,261.5828492843966,2.076443097462026
2012-01-17,258.4339556254632,1.8619729414969932
2012-01-18,254.42427652756928,0.2339049825573855
2012-01-19,255.6712932269193,0.1600312652261275
2012-01-20,250.15841125365125,0.0053421505144517
2012-01-21,247.6543264715521,0.0
2012-01-22,256.9822252686367,0.0
2012-01-23,262.2583811205712,0.0449451788521066
2012-01-24,259.086194412106,0.1770207751884964
2012-01-25,259.06981462717,0.1956049274471178
2012-01-26,260.4101136751019,0.2641048462946973
2012-01-27,259.0288939842192,0.3526138127438143
2012-01-28,255.0350464562238,0.0042219316524021
2012-01-29,258.6668041263436,0.1601882556205534
2012-01-30,264.14701881867984,0.4669679544368224
2012-01-31,260.66189387305684,0.2404086441703929
2012-02-01,259.71447089354484,0.0
2012-02-02,262.41832428794703,0.1756620687214127
2012-02-03,265.9805616669626,0.2438242528120424
2012-02-04,267.84590519335217,1.6836470574453943
2012-02-05,265.4789282912017,0.2161651467531247
2012-02-06,262.8442355868025,0.1452192250253277
2012-02-07,262.2522569038285,0.2168957967226399
2012-02-08,260.2224494547556,0.1827940726513637
2012-02-09,260.03201335856875,0.1602529287916221
2012-02-10,262.6525072471751,0.2767702853288181
2012-02-11,260.25229199623107,0.2339337993343067
2012-02-12,258.42653799944645,0.0
2012-02-13,258.2317572054542,0.0209426882161898
2012-02-14,260.4497630915092,0.1590190551888366
2012-02-15,261.99864292401463,0.2317794856761754
2012-02-16,262.1638902033521,0.2499101335606643
2012-02-17,261.11191550502105,0.000982257013705
2012-02-18,264.0975905452152,0.148759302268314
2012-02-19,265.5982762839756,0.2116959989031483
2012-02-20,268.8144836640568,0.2120385964558679
2012-02-21,265.3525059522696,2.1096104423975017
2012-02-22,262.7563933372716,0.2463953802712339
2012-02-23,262.7293714243956,0.9685736469554072
2012-02-24,260.4246104957621,0.2082654905096241
2012-02-25,261.3080563189959,0.0046946165585508
2012-02-26,263.53604606237644,0.0
2012-02-27,268.941552648441,0.6627292304774393
2012-02-28,264.6447301887524,3.0642544702670684
2012-02-29,264.4898419233722,0.3849698579236773
2012-03-01,264.1028605831354,0.2735410259194222
2012-03-02,262.8773544630832,0.0
2012-03-03,263.07087083093336,0.0008428419123738
2012-03-04,269.46585874644313,0.0676391472096622
2012-03-05,268.82358562013576,0.2819762941166139
2012-03-06,265.63694308301905,0.212523786534631
2012-03-07,266.5543704694019,0.2721362690117186
2012-03-08,263.7814561935763,0.2442242106926595
2012-03-09,262.6542642709565,0.1777520342653831
2012-03-10,264.2910282768641,0.2199334480110986
2012-03-11,266.9172693804428,0.0558930782955029
2012-03-12,268.7675237748406,0.1531575544900645
2012-03-13,266.5872664416338,1.206752766113128
2012-03-14,267.5640676269508,0.2429124756886449
2012-03-15,267.9023547692157,0.0535115018223497
2012-03-16,273.03192919635416,1.273975607124441
2012-03-17,271.5278682057964,2.296498111958709
2012-03-18,272.77488682722145,0.2362092826692008
2012-03-19,269.5659261319912,0.6596996837686444
2012-03-20,267.164334923822,0.207600683432094
2012-03-21,268.3775121375542,0.1819300713919045
2012-03-22,269.6402605794221,0.018460317252714
2012-03-23,268.38593589532576,0.0
2012-03-24,268.3979308195352,0.2352889849296779
2012-03-25,270.9040576921427,1.6651013557146468
2012-03-26,270.8536914189489,1.2080092407908327
2012-03-27,268.83090334960576,0.0852972359452348
2012-03-28,269.5311148764552,0.0
2012-03-29,272.18150457637944,0.0
2012-03-30,273.86048948268564,0.2025760810280319
2012-03-31,274.97931294884944,0.0
2012-04-01,277.6141429473128,0.1929534514659177
2012-04-02,275.7611186717413,0.211829213356846
2012-04-03,276.1088917164481,0.0
2012-04-04,275.72625893766434,0.0
2012-04-05,275.2755841429927,0.0403781716155418
2012-04-06,275.6503335622328,2.8801604247812405
2012-04-07,275.3456262112434,0.2194758369132128
2012-04-08,275.30021020368747,0.2320693144656271
2012-04-09,274.98052752308,0.2349633958277388
2012-04-10,275.30400658675006,2.139917565706293
2012-04-11,275.3632807720632,4.332937215233901
2012-04-12,275.1165751531112,0.1786941371158772
2012-04-13,274.6142441037922,0.0273626195339229
2012-04-14,273.7892898485647,0.1942731934977073
2012-04-15,273.86029881732304,0.2160651500038684
2012-04-16,273.94876298512366,0.0009474983694215
2012-04-17,274.6005290122515,0.1869369015116939
2012-04-18,275.356418553249,0.0
2012-04-19,276.591778903242,0.0
2012-04-20,277.19924998181205,0.0
2012-04-21,278.26845188473885,0.0
2012-04-22,277.7694446425116,0.0
2012-04-23,276.7504545704696,0.0
2012-04-24,277.75297311124194,0.0188531792813086
2012-04-25,277.5884910112451,0.0
2012-04-26,277.91930141057264,0.0057419229313646
2012-04-27,278.1837812998157,2.4633776726742727
2012-04-28,277.69752391828644,4.967999543531527
2012-04-29,276.6298052863742,2.667968081839954
2012-04-30,276.58628478531017,0.2526028564456464
2012-05-01,277.56417817513073,0.383935249818387
2012-05-02,277.7754771879124,1.2714895420721548
2012-05-03,277.23607760548003,0.2195951478106366
2012-05-04,276.62376605982234,0.1758284599763513
2012-05-05,277.8072935277125,0.0039159298667967
2012-05-06,279.1218036754879,3.1749874100036317
2012-05-07,278.0452231515759,0.3083490604769874
2012-05-08,278.3519306788435,0.2171702811220386
2012-05-09,278.24951278366274,0.0059586267900151
2012-05-10,277.03699005357583,0.0012804222730893
2012-05-11,278.8035559863729,0.2380498480632484
2012-05-12,278.7054669140578,6.630537777677851
2012-05-13,278.46821831472647,5.201201126722638
2012-05-14,278.9604648298404,10.211284446215927
2012-05-15,278.3534701193948,1.4041965812415766
2012-05-16,278.8502909563406,0.3834772462782549
2012-05-17,279.72575900398255,0.2122971010791796
2012-05-18,279.8935934589072,6.069442578996304
2012-05-19,279.1575866488583,3.0834101574403467
2012-05-20,278.5492850454345,0.2828704620592939
2012-05-21,278.51182103477765,1.9540395828666808
2012-05-22,278.0138275678018,0.3853445956880967
2012-05-23,278.50324331680656,0.3740326024232907
2012-05-24,278.8860929316326,0.3396109534381362
2012-05-25,279.99941682001185,0.0
2012-05-26,281.0304196928979,0.0
2012-05-27,281.0001380270152,0.0
2012-05-28,281.6679522391844,11.169576894044845
2012-05-29,280.7174802981045,8.824622114616952
2012-05-30,280.66115978426296,2.191699721506865
2012-05-31,280.62763698452574,0.2578217478272295
2012-06-01,280.5140420806888,0.224246094446904
2012-06-02,280.14575006484483,0.2137922609648455
2012-06-03,279.7107867919143,4.497710595695854
2012-06-04,279.55862061519247,0.2840050847181115
2012-06-05,280.23781755301394,0.233099590154264
2012-06-06,280.5575274117496,0.2892049887613639
2012-06-07,281.4071240294681,0.1792655429751706
2012-06-08,281.86957995415395,5.563307695147785
2012-06-09,281.04612316262626,0.2632066281339451
2012-06-10,281.0317589693548,2.6739550175615863
2012-06-11,281.0703157703211,0.1559219651507006
2012-06-12,281.7997477842507,0.3647623130689694
2012-06-13,281.0421546141334,3.419528139896858
2012-06-14,280.670979489141,0.2259775437438438
2012-06-15,281.46091501629724,0.2332645538979896
2012-06-16,281.61080002918976,3.424081457697184
2012-06-17,282.41769214877803,0.1519635574689115
2012-06-18,282.9686682006965,0.2084584910851219
2012-06-19,283.7453860351445,0.3860409152959048
2012-06-20,284.3882278600746,0.1547092294952581
2012-06-21,284.04041935667374,0.1290798723692143
2012-06-22,284.09437282629284,0.1577661114304478
2012-06-23,283.4500937811772,0.2558392716557573
2012-06-24,282.0638594911229,4.979908602519194
2012-06-25,282.1005844450568,2.106076105436597
2012-06-26,282.2110080483628,1.7068636810735465
2012-06-27,282.7719121827341,7.28825679770762
2012-06-28,283.1782088734433,0.2299630629954701
2012-06-29,283.4539647148349,0.3054979282756553
2012-06-30,283.35760921914306,0.1816180415444268
2012-07-01,284.1637145231319,0.2284190100355516
2012-07-02,284.6615253116662,0.2696110577623749
2012-07-03,285.3798754384986,0.2040923725823564
2012-07-04,283.6308787992177,0.2357738759195686
2012-07-05,282.1133866694656,0.3884690625195199
2012-07-06,282.3988868812594,0.2177244482453766
2012-07-07,282.915796056388,0.1760685906889718
2012-07-08,284.1318006404953,0.1615537984766046
2012-07-09,284.0515156423085,0.4800693898412105
2012-07-10,285.2617902526481,0.4667814249920383
2012-07-11,283.2848108443536,23.15307540031302
2012-07-12,282.35864662093826,7.657310539030698
2012-07-13,281.556520033554,0.4674665973917051
2012-07-14,283.1454982666108,0.2176684682421434
2012-07-15,283.3557809770701,0.2581108801395364
2012-07-16,283.3567054381286,1.886208844847897
2012-07-17,283.5068528740298,0.284731836729905
2012-07-18,283.8825156734216,0.2679861518059379
2012-07-19,283.5635258234688,0.8862751834118507
2012-07-20,283.87094255945897,0.3581162885379594
2012-07-21,284.29924275277705,0.1878744282005164
2012-07-22,285.2425664995777,0.1288815028276644
2012-07-23,284.57961708733706,0.6230635088798269
2012-07-24,284.5123898864013,5.0677665978881965
2012-07-25,283.89685100901784,5.424683450507315
2012-07-26,284.1203073474618,1.7854156926629228
2012-07-27,283.7527686288067,0.4226596945880709
2012-07-28,284.2163152285177,0.2196748607657108
2012-07-29,284.6646453491795,0.0824512612743477
2012-07-30,286.748722898716,0.2067067255628925
2012-07-31,287.18421845314225,2.75649156244531
2012-08-01,286.66240216898444,0.2247300357123072
2012-08-02,284.1320781695932,19.15833647260908
2012-08-03,281.8695734383664,1.6924462961118234
2012-08-04,281.6878956561327,0.1809850289701495
2012-08-05,283.8484169174376,0.2059910837455791
2012-08-06,285.0421427528558,6.978344482317608
2012-08-07,284.9043975333606,23.15357006493824
2012-08-08,284.1018900693833,0.2592933338229271
2012-08-09,283.7997326874862,0.1730899084814716
2012-08-10,284.5101122662976,0.2520615516505624
2012-08-11,285.1274616320207,0.0055225541948205
2012-08-12,285.6601550046901,0.1960122248334916
2012-08-13,284.93484891343525,15.856709118181405
2012-08-14,284.1380597112693,2.0744289598206365
2012-08-15,284.14055974249,0.178007134916327
2012-08-16,284.14411322990765,0.162942246474059
2012-08-17,286.80150993123914,0.1767105216254636
2012-08-18,287.88828153639423,0.2518308109822595
2012-08-19,287.22582479049726,0.2984438502006739
2012-08-20,286.39207891698754,0.226089500375505
2012-08-21,287.6042827972515,0.2245112508494893
2012-08-22,287.616329592597,3.9013044659211658
2012-08-23,285.56631126872685,0.2215524703237461
2012-08-24,285.2689562609152,15.867140814864255
2012-08-25,283.6525299747404,0.2290953688605164
2012-08-26,283.4058198456559,1.2703377591989058
2012-08-27,283.6094370817109,0.1657342941393265
2012-08-28,283.8192703868737,2.143270014130481
2012-08-29,283.33615224481935,0.1549450244676444
2012-08-30,283.20714775270443,0.0114674897643987
2012-08-31,284.5241603676902,0.0200562424610803
2012-09-01,286.35660093793285,0.1526937306814328
2012-09-02,285.9842272642404,5.448934721814516
2012-09-03,283.6575386360297,4.2191246790028085
2012-09-04,284.1292962058221,5.428044745801406
2012-09-05,282.53787802351326,19.313282075873644
2012-09-06,282.65015776186607,0.1868571330749078
2012-09-07,283.22237252798243,21.419392033777054
2012-09-08,281.97033639840043,9.87539911325611
2012-09-09,282.33980285557163,0.0006772408860855
2012-09-10,283.3240096050764,0.1828583784460333
2012-09-11,284.6679547112911,0.1909306003496296
2012-09-12,282.7132246040292,14.372111770322803
2012-09-13,281.9839781362676,0.2606802923579909
2012-09-14,280.6905627651672,3.6984773304800607
2012-09-15,279.4789694863861,0.2184361662598719
2012-09-16,280.084393204543,0.2162242717838265
2012-09-17,281.1157247687934,8.732813077455555
2012-09-18,280.7089018211929,23.15433954324412
2012-09-19,279.1990991024182,0.5566970069518384
2012-09-20,277.92645089437684,0.2811120928694064
2012-09-21,277.38461593314213,2.603387211122409
2012-09-22,275.4876051866715,0.3231219014567437
2012-09-23,275.3579627710175,0.0156195372607359
2012-09-24,276.0881754356224,0.0622878673061491
2012-09-25,276.87116215507496,0.2644817486737569
2012-09-26,277.0689262015802,4.68990301206281
2012-09-27,278.00113677238807,0.157695055188652
2012-09-28,278.72340143778524,0.2776807588209504
2012-09-29,278.8576463851112,9.562233339282606
2012-09-30,276.86679042190605,12.353874634683454
2012-10-01,275.28922268984667,0.1676466087012382
2012-10-02,275.85315305655143,0.0006067793948336
2012-10-03,276.83710255401354,0.2775614443701317
2012-10-04,276.7415542452017,7.1282061843767455
2012-10-05,275.9144301240433,11.539050954859304
2012-10-06,271.8801272590133,9.629764196679284
2012-10-07,269.8388614868295,0.0006911018348831
2012-10-08,271.70856647128767,0.00070708941809
2012-10-09,271.5971712374543,0.0007236373180841
2012-10-10,273.6071801406655,0.0064230638234028
2012-10-11,273.93619111306856,0.0034302612626306
2012-10-12,273.7470556911076,0.0012435547766045
2012-10-13,274.87846807587874,0.2455991878867855
2012-10-14,273.8850496869489,0.2948218773961912
2012-10-15,273.15840831854945,0.0008288397529334
2012-10-16,274.7779334560837,0.2583377362549923
2012-10-17,274.59914083071016,0.3514161240502513
2012-10-18,273.2019896824527,9.541719367723744
2012-10-19,267.31267621909325,2.112195093752613
2012-10-20,266.30222914228995,0.000917645343134
2012-10-21,266.7532256521046,0.0009260958138628
2012-10-22,271.11900633953985,0.1052260375656013
2012-10-23,271.83069498227377,0.016009996472128
2012-10-24,269.6829494451527,0.0009747762218565
2012-10-25,270.6407439855074,0.1806540812112869
2012-10-26,272.3035818484117,0.1953055428812247
2012-10-27,273.37766245471204,0.2197282942486331
2012-10-28,271.2641847123759,0.0066951601272411
2012-10-29,271.1361665874004,0.0036019361384385
2012-10-30,272.420472502781,0.0015499032770864
2012-10-31,274.0202683242972,0.0095337430214885
2012-11-01,275.20508554582545,0.1536386510179719
2012-11-02,274.5895843001365,0.0861661848528465
2012-11-03,273.66675335166434,0.205307560811907
2012-11-04,273.8696231606285,5.251559139557132
2012-11-05,271.493443251952,0.1853437448526809
2012-11-06,267.1881609666063,0.0016696083680176
2012-11-07,271.4897123607063,0.1661686008480756
2012-11-08,270.0517407818327,0.051394806335995
2012-11-09,270.0010114420596,0.0012569149431387
2012-11-10,270.1390200013953,0.0068257320701203
2012-11-11,271.4544776567729,0.0012887716731413
2012-11-12,272.7519283110986,0.4685070034763605
2012-11-13,268.5728736527452,9.904827718842306
2012-11-14,264.9396826967464,0.176105656642403
2012-11-15,269.14932188267824,0.0013469640018728
2012-11-16,271.1690926568437,0.2442697316028064
2012-11-17,266.1821383102718,0.3398147863888461
2012-11-18,264.6922317713513,0.199166726241782
2012-11-19,266.57355806574105,3.05370705099544
2012-11-20,263.5722733033027,0.2471122399898162
2012-11-21,256.13737492351225,0.0611179056903339
2012-11-22,258.6104747428551,0.0014623679672107
2012-11-23,262.28097388970946,0.204521345577163
2012-11-24,259.03180879314215,0.1868900105917212
2012-11-25,260.06076158068845,0.0015158962418988
2012-11-26,266.82952872515494,0.008557272276235
2012-11-27,263.3727968129995,0.0408137891008353
2012-11-28,265.115351329841,0.2281006959637939
2012-11-29,265.83481121973966,17.088760965470016
2012-11-30,265.0102610044581,0.3882440047525277
2012-12-01,269.6187739373953,2.347286345427845
2012-12-02,265.8473076754323,0.0039704557325839
2012-12-03,266.7076198463805,0.168572860213193
2012-12-04,263.4443095722173,0.0016718310275671
2012-12-05,264.91238734320694,0.0016870177814667
2012-12-06,267.31190109129324,0.0017002761600868
2012-12-07,267.2779364157864,0.0017175515660807
2012-12-08,268.24101244932393,0.0022286277002776
2012-12-09,264.65421694438834,0.5105410987362438
2012-12-10,264.9194673925281,0.0022598079244957
2012-12-11,263.2668431887887,0.1984892263066162
2012-12-12,260.01355440852456,0.4213221907590578
2012-12-13,262.8617025202396,0.2312693000699979
2012-12-14,261.28994809903105,0.1660906706032852
2012-12-15,259.8457066299837,0.2529965573270702
2012-12-16,261.6987708273377,0.3678862595083219
2012-12-17,261.2495446235001,0.1627058105501586
2012-12-18,263.8757599206633,0.2587464885385342
2012-12-19,256.7527398347569,1.869560931855692
2012-12-20,254.6237455695548,0.1857234469451865
2012-12-21,252.8236891200561,0.0019656233830986
2012-12-22,262.0684412439726,0.0024634088823844
2012-12-23,267.88077334643486,0.2607404164358422
2012-12-24,260.18921465561624,0.0103722890346846
2012-12-25,264.5471421707165,0.1939629120085169
2012-12-26,262.3992857464764,4.185160308755917
2012-12-27,260.01962025096304,0.0071929308428841
2012-12-28,257.93685770617947,0.0029490190394099
2012-12-29,255.75658519732372,0.0025831456278953
2012-12-30,259.76924529209657,0.0021235864670183
2012-12-31,265.82666147492097,0.0021397928543782
2013-01-01,265.8465898392893,0.2094641889870558
2013-01-02,258.5261810309763,0.0028220372372327
2013-01-03,261.0376420689577,0.3072473457558331
2013-01-04,259.79965465650525,0.6359569488438663
2013-01-05,255.92121949263077,0.2084620182931174
2013-01-06,257.0089266617084,0.0022416154827129
2013-01-07,257.1261075154225,0.0022568088226266
2013-01-08,257.81289242409275,0.0026080363548104
2013-01-09,257.14670501804306,0.0022910785398353
2013-01-10,257.552753102858,0.1000899030331043
2013-01-11,261.29659772462503,0.1382005581544836
2013-01-12,265.7973173805455,8.801279497764497
2013-01-13,259.86635083718335,0.0958338981437119
2013-01-14,257.0127712962046,0.0027147015812458
2013-01-15,260.4836239307805,0.2366000718262042
2013-01-16,259.8180435571606,0.2570662362058293
2013-01-17,258.6000660828724,0.0153919109297639
2013-01-18,259.6130967115643,0.1750282810440244
2013-01-19,257.4949844485752,0.0034239574883521
2013-01-20,260.61276053702977,1.769367095021953
2013-01-21,260.0138920916165,0.003158862632721
2013-01-22,264.1648018772688,0.26982306243934
2013-01-23,262.0300654539756,0.2122773711911272
2013-01-24,260.44898164359194,0.002555120170351
2013-01-25,264.1401452975273,0.161743694752604
2013-01-26,261.63185659576766,0.1621484363516077
2013-01-27,265.85536145592664,0.1856746773786772
2013-01-28,264.4834684741881,0.2451480162149899
2013-01-29,267.1582228720961,0.4127140912093994
2013-01-30,266.56998535008194,0.1650423106809104
2013-01-31,267.49597113080296,0.055791394331526
2013-02-01,268.27179000910814,0.0097175770766984
2013-02-02,271.114125707,0.1901152477730192
2013-02-03,266.5920409465449,0.024394187706475
2013-02-04,268.26384033975364,0.2362391275581132
2013-02-05,269.1590049812626,1.4724875566197777
2013-02-06,265.4494134346264,3.658967744815063
2013-02-07,263.4949379442644,0.0034619042348338
2013-02-08,266.26180033167105,0.1678614280216668
2013-02-09,265.2471285428822,0.2245060013577087
2013-02-10,264.3037010731542,0.265242033405989
2013-02-11,261.9521879010824,0.182298484378492
2013-02-12,261.7141969888909,0.0035463574843643
2013-02-13,261.528530028006,0.0061918952751827
2013-02-14,262.6840345917646,0.003862415804158
2013-02-15,261.8300257588958,0.0035927012525009
2013-02-16,258.6924660744754,0.003268469296817
2013-02-17,255.80344029785297,0.0029538792727092
2013-02-18,260.02853396501445,0.1625074182508274
2013-02-19,260.5134248645692,0.0158183204994659
2013-02-20,263.0609488094288,0.2326885743463491
2013-02-21,265.3925403423604,0.154446137662382
2013-02-22,265.7970820871289,2.614132053404202
2013-02-23,266.8685589215958,0.5123138391329705
2013-02-24,267.7075655927144,0.2751163281950073
2013-02-25,267.94180103504925,0.2306774287563189
2013-02-26,269.4397348011841,0.2711261295048577
2013-02-27,270.4681192523665,2.1485821309442765
2013-02-28,268.2139271573914,3.194177755562666
2013-03-01,266.82804684404306,0.2296450847618243
2013-03-02,270.1467063385812,0.1618759864333405
2013-03-03,272.8391505394874,0.1711255160346139
2013-03-04,272.09138478405134,0.2586176055837235
2013-03-05,272.32581811232654,0.0039109073384859
2013-03-06,273.4264098267919,0.0032319409945491
2013-03-07,275.37799354517045,0.0032493600463405
2013-03-08,273.6679028774798,0.1882624789365041
2013-03-09,273.2992265832559,6.504315790716962
2013-03-10,271.24418580297925,0.2421652915531973
2013-03-11,271.3328759359605,0.1576533275262004
2013-03-12,272.22889627448984,0.1917630579824845
2013-03-13,273.0530728936928,0.2246648597919442
2013-03-14,271.2178237807156,2.7542980269032227
2013-03-15,269.7390760424742,0.0037327977672689
2013-03-16,270.2619898409004,0.0037486191908104
2013-03-17,270.62991675627967,0.0041235371874932
2013-03-18,271.2232665890107,0.0116896909790409
2013-03-19,272.4412491004116,0.0037869245751276
2013-03-20,272.059515211219,0.0034734539577294
2013-03-21,272.1602266520857,0.160251710518416
2013-03-22,273.0194858818815,0.0038377347049025
2013-03-23,274.95582009752275,0.1526356925982996
2013-03-24,275.4131849004223,0.011780067388293
2013-03-25,275.9322937520921,0.1439680771615963
2013-03-26,274.5804114087799,0.0039086308735964
2013-03-27,274.6049565003619,0.1708013146376807
2013-03-28,274.7325065795119,0.0039380136169027
2013-03-29,275.9140299974318,0.0118682293526786
2013-03-30,275.44334397424416,0.048978351567225
2013-03-31,276.29839787585183,0.449548799470673
2013-04-01,275.7857284526321,4.71603378103034
2013-04-02,273.71867783399534,0.3520054506732946
2013-04-03,273.321755883348,0.0128031077317039
2013-04-04,273.79642562033393,0.0044245821850028
2013-04-05,273.98353045238287,0.2591899148564103
2013-04-06,273.9873976311963,0.1043190324677802
2013-04-07,274.6160177088089,0.0044708432733977
2013-04-08,275.09385883132444,0.2114602343833682
2013-04-09,275.1328193761915,0.2250319140566756
2013-04-10,275.5795081611176,0.0041683606836189
2013-04-11,276.15962005327594,0.0045422253692011
2013-04-12,275.9836181957909,0.0048391336228517
2013-04-13,277.2263833444768,0.0038654155294646
2013-04-14,276.8380725513913,0.1869779980138732
2013-04-15,278.00229890096506,0.0046054146604099
2013-04-16,275.88519753375937,8.180773801063031
2013-04-17,275.2887215930107,0.491963331395912
2013-04-18,273.8594314494194,2.311718169436099
2013-04-19,271.70042702206104,0.301336198282701
2013-04-20,273.3888049388649,0.0039871970403158
2013-04-21,274.61295685298927,0.0040027571029956
2013-04-22,276.3528816745364,0.004728219640101
2013-04-23,277.2629316594476,0.0043870055509895
2013-04-24,277.779538494552,0.1685440533754378
2013-04-25,278.04376290776827,0.2822000565480955
2013-04-26,278.14430297440015,0.2937453025647856
2013-04-27,277.4173909287233,5.995458671532839
2013-04-28,277.05480047306963,2.299259965716705
2013-04-29,276.7949251471231,0.3167823070812152
2013-04-30,277.37940003461904,4.714144712641593
2013-05-01,276.8066611668927,0.422539033987118
2013-05-02,277.20201661803674,1.1563604946520436
2013-05-03,277.5227034107324,11.197475878770051
2013-05-04,276.0021680182457,6.843417101210719
2013-05-05,275.5308814052289,0.0046006901121586
2013-05-06,276.2998977056362,0.0096463553982575
2013-05-07,277.7655681204073,0.0778031137383916
2013-05-08,278.4718542602932,3.701291379235623
2013-05-09,278.29257944671485,0.250342059641939
2013-05-10,278.48713933274496,0.2625786828181309
2013-05-11,277.4292099714413,2.5906663319059406
2013-05-12,278.1786017967261,0.3161353543883716
2013-05-13,277.877114387803,1.0520255674708467
2013-05-14,277.77078718097084,0.235679022631811
2013-05-15,277.4175992636083,0.0621348366285692
2013-05-16,278.5345332916246,0.2273466756777418
2013-05-17,278.58162262707685,0.1554462443807442
2013-05-18,280.29266071252886,0.1115834833453808
2013-05-19,280.868017880239,4.124522282034359
2013-05-20,280.1215040175435,0.2435782084316129
2013-05-21,278.9152810335518,16.045868632521227
2013-05-22,277.99521163295367,0.0055175453920588
2013-05-23,280.3972738449428,0.2888768013802978
2013-05-24,279.6418035900505,5.690439969835334
2013-05-25,279.0642377803029,4.1548491426077
2013-05-26,278.7419245427238,0.2831369038115228
2013-05-27,278.1157516919071,0.2286511760720404
2013-05-28,278.8712517642388,0.2447183471364191
2013-05-29,279.7469942977563,0.0570746288636636
2013-05-30,280.5416197908091,0.0060708854155724
2013-05-31,281.696269484711,0.0451990790095122
2013-06-01,281.9726601989337,0.2214935825150172
2013-06-02,281.7095676541071,2.0879208985531603
2013-06-03,280.2578252456903,5.424761229791317
2013-06-04,281.3392657302584,0.3098931860379066
2013-06-05,281.2541225740373,3.041755196280778
2013-06-06,280.38772170786353,2.367799363204802
2013-06-07,279.4845479795995,0.253178425085016
2013-06-08,282.73842632174,0.0051859467194119
2013-06-09,284.99722237845714,0.0051988553816597
2013-06-10,285.19913554485004,0.2986500138408776
2013-06-11,283.0398972992889,7.406533859253299
2013-06-12,282.2332270442314,2.2265824526874525
2013-06-13,280.45193087190063,9.97457939994887
2013-06-14,279.4221082662261,0.4034200406372294
2013-06-15,279.4866063363324,0.0056541117233051
2013-06-16,280.6969898763287,1.2157812472283571
2013-06-17,279.3937345211587,14.16965917116384
2013-06-18,277.4047458004081,5.259465825905506
2013-06-19,279.2544261778666,0.1491849246681758
2013-06-20,281.2565722995935,0.0053865635142389
2013-06-21,283.3248899349891,0.0391201977293578
2013-06-22,283.75290596079583,0.1998821842896356
2013-06-23,283.83607378488284,0.0259919169615303
2013-06-24,284.05334508392303,0.0079739860995553
2013-06-25,285.1496191215354,0.261081044626934
2013-06-26,284.7280529708948,5.40566880326626
2013-06-27,283.24935254342546,7.860380925042566
2013-06-28,282.1299078642428,5.716110137256227
2013-06-29,281.622737863112,0.5078744687744727
2013-06-30,282.21883246500664,0.2494216930811539
2013-07-01,282.0577936247484,0.2826063771117784
2013-07-02,282.7413743612406,0.2142244018478343
2013-07-03,284.33649099088404,0.2556351365457099
2013-07-04,285.7757137081863,0.3708144784087643
2013-07-05,285.0234052899004,2.069754919034787
2013-07-06,282.94595913514405,4.139593133534969
2013-07-07,281.14332190687463,7.855642636551156
2013-07-08,280.3885981492441,0.2220886412581435
2013-07-09,281.0538586821756,0.2157205896153651
2013-07-10,281.5261936030809,3.048776155049961
2013-07-11,281.50574302581805,0.3139532442664412
2013-07-12,282.6891210844986,0.23518128492149
2013-07-13,284.60780295121447,0.1958944995332419
2013-07-14,284.273848452975,7.929005863980953
2013-07-15,283.11332168380136,0.7252439221038407
2013-07-16,283.29731065215697,0.2334896691174466
2013-07-17,283.55119110748905,1.420870542410246
2013-07-18,283.68474789857595,3.073931467799728
2013-07-19,283.55184113445137,0.4545286273993818
2013-07-20,285.41514122975804,1.8688376533081976
2013-07-21,284.87299127296563,10.03757846632664
2013-07-22,282.49839886981863,0.4487127941964126
2013-07-23,282.43072825197663,0.2773549492116387
2013-07-24,282.36243867500355,0.2162892730221581
2013-07-25,283.1768286523222,0.1506235476879529
2013-07-26,284.1987493788129,0.279675368227287
2013-07-27,286.78091139176456,0.1991794823781543
2013-07-28,288.5317480363747,0.2314908161069575
2013-07-29,289.1979941878189,0.2049289484326515
2013-07-30,289.8893840268335,0.0067008607833629
2013-07-31,291.38184808795825,0.2347422957316955
2013-08-01,289.8364411774326,2.76872339574164
2013-08-02,288.5051982120838,21.38626917478816
2013-08-03,287.7686990593821,23.120812057260277
2013-08-04,285.5440963506695,4.087282356932967
2013-08-05,285.50149747147617,0.1983788195255982
2013-08-06,287.28878482192295,0.2288075469185344
2013-08-07,287.9859145394043,23.160257197834632
2013-08-08,284.124799836302,6.892512564716865
2013-08-09,284.98985197486417,0.2326775281755573
2013-08-10,287.3111847246525,15.98646525637
2013-08-11,284.9874224485045,23.076681413008203
2013-08-12,284.0687405465859,18.659327742237977
2013-08-13,282.6782826021341,6.462212422963551
2013-08-14,282.0807330798542,0.2292332911509524
2013-08-15,282.8957898754731,0.2127166457898979
2013-08-16,283.2867943686547,0.2066366336107434
2013-08-17,283.2523672803696,0.1897056444697953
2013-08-18,282.74371870808847,0.0281566211812784
2013-08-19,285.2903998410107,1.1547651066219418
2013-08-20,283.1785477375797,4.206333962905104
2013-08-21,284.5868007128838,0.3037160232224625
2013-08-22,284.8078789803418,0.4030840064497911
2013-08-23,286.19366869376336,0.2153914896842172
2013-08-24,284.19688450418903,23.1605686533394
2013-08-25,282.6813826571994,2.0950804166090644
2013-08-26,282.4082800036149,0.0062448944348612
2013-08-27,284.0250553622149,0.1917693552296242
2013-08-28,283.9103147470695,0.1924076266962064
2013-08-29,284.1555682751359,21.924794988497943
2013-08-30,281.85217978249926,2.1025303614594315
2013-08-31,281.4290877092511,0.1045402477684429
2013-09-01,282.97658552018913,0.1976761316768309
2013-09-02,282.8292319560884,0.2521828303151447
2013-09-03,283.04851999391803,0.1831849461149932
2013-09-04,282.84835776530537,5.418016622300501
2013-09-05,281.64676388547616,1.7450434969445423
2013-09-06,281.6069347069819,0.2000909812862543
2013-09-07,281.6114747695281,0.1045940052626512
2013-09-08,282.3144458085206,0.0822170042878689
2013-09-09,282.9650187017441,0.0355594059402455
2013-09-10,282.4573308547522,0.1535605580827264
2013-09-11,283.6316661769852,0.2020969890509072
2013-09-12,282.7073941762498,0.2801535279329685
2013-09-13,281.866836401624,1.900496184130908
2013-09-14,280.70991140902856,10.780216091365828
2013-09-15,279.50785574602924,5.700047587157912
2013-09-16,276.8849338118524,1.5196916371686695
2013-09-17,277.3107419805614,0.2376224855632949
2013-09-18,279.8294378764785,0.1837216079831993
2013-09-19,280.426241896734,0.1543525293434862
2013-09-20,280.99903035897563,0.227227999546802
2013-09-21,279.98101646863955,0.3556374977409429
2013-09-22,279.8600407796974,0.0209431944509603
2013-09-23,281.15867940139344,1.4160201975320188
2013-09-24,281.05794672176523,0.2143239796312999
2013-09-25,282.0989942412718,0.0152607841499792
2013-09-26,283.16171952810765,0.0067903888612157
2013-09-27,282.2740077795249,2.2011849460131216
2013-09-28,280.85922793813705,0.2245786805019116
2013-09-29,281.55851104980945,0.0897526665896828
2013-09-30,280.1364805006198,2.849059905288024
2013-10-01,280.7370561622092,0.2222226662686202
2013-10-02,281.1233033883446,0.1081304266644991
2013-10-03,281.3953353044594,0.1265833866946295
2013-10-04,280.23243743623647,0.244659633050132
2013-10-05,280.787380843621,0.0669236674402522
2013-10-06,281.96766591809165,0.0069655611349546
2013-10-07,282.963079342604,0.0069796050930548
2013-10-08,281.7624312802209,0.0072672076748139
2013-10-09,282.23903973635737,0.0070110878748996
2013-10-10,280.43100583570504,0.512945887193696
2013-10-11,276.3271773828201,1.9673206536402208
2013-10-12,275.8463059044191,0.0082776947213738
2013-10-13,277.90180282562096,0.2054136024210371
2013-10-14,277.8371564130459,2.7159575988194087
2013-10-15,277.84502898496385,1.4482723142910323
2013-10-16,276.1394330659942,0.1868311335015342
2013-10-17,276.93660178702885,12.019594209717877
2013-10-18,275.2308759804108,0.2606228632893794
2013-10-19,275.3551926804241,0.0071856938192489
2013-10-20,275.75642239780854,0.0074636050401575
2013-10-21,276.05965030885744,0.0072212021128406
2013-10-22,276.87754804311186,0.0084556777851971
2013-10-23,277.31920411537027,0.2257936432089018
2013-10-24,275.02501399582195,3.0637804938537845
2013-10-25,273.1407393129419,0.0075488651761372
2013-10-26,274.8036324593468,0.2023095062333746
2013-10-27,274.64351734799675,10.885221899798102
2013-10-28,270.0285657738916,3.4763278653113776
2013-10-29,264.5628786007523,0.0082873386284785
2013-10-30,268.7251616785738,0.0073725605024737
2013-10-31,272.26296809676967,0.1481000433805959
2013-11-01,272.37199906399445,1.411091080663724
2013-11-02,270.80803620563546,0.3722323943353007
2013-11-03,265.43218142694724,0.053768534762562
2013-11-04,266.95923223910387,0.0077081738188258
2013-11-05,268.35178385168456,0.0077214873864734
2013-11-06,271.52879258991044,0.228334044106393
2013-11-07,271.3842682314286,1.1556506976976184
2013-11-08,269.94037733868487,4.265805759979797
2013-11-09,263.6830813627557,0.2597439907519532
2013-11-10,263.0289938530701,0.1645810699255521
2013-11-11,263.5310299075457,0.1762344511482412
2013-11-12,261.7320210345195,0.0085301558600918
2013-11-13,260.7449775901332,0.0081991771757108
2013-11-14,265.26661568350704,0.0076349836934788
2013-11-15,264.7291844000826,0.0076524685343621
2013-11-16,268.31475880443446,0.0076583065917812
2013-11-17,269.5262414334401,0.0079272922626896
2013-11-18,268.2839014647179,0.1430743020956801
2013-11-19,268.8856721324904,0.1963866130581044
2013-11-20,265.8808718702532,6.853402327780376
2013-11-21,259.99789188177857,0.1990787058884957
2013-11-22,257.5191491486086,0.0080112519030668
2013-11-23,263.59774800999264,0.0077723743277515
2013-11-24,272.2114008931867,0.0080457320815214
2013-11-25,269.6282380732271,0.0080577584839944
2013-11-26,267.0993507009639,0.1485106264008098
2013-11-27,267.457930023708,0.2483353048382055
2013-11-28,266.31887418470177,0.0081109450422662
2013-11-29,266.6182612861272,0.2032965088164804
2013-11-30,268.28444366061973,0.0703590182427538
2013-12-01,269.84749484513924,2.4690748274756467
2013-12-02,267.98679820643724,0.2513294485443831
2013-12-03,264.7682811336028,0.2359413348897356
2013-12-04,265.2769622611617,0.0089119337217742
2013-12-05,267.7411953414813,0.2536578826489089
2013-12-06,263.3272087235603,0.1610317799920404
2013-12-07,268.29971155540625,0.2212816705576807
2013-12-08,270.2970332202911,0.7955239411942353
2013-12-09,266.7931743602917,0.0348259012028682
2013-12-10,265.10079412883044,0.0097719510371669
2013-12-11,268.28614012150217,0.2076155092023994
2013-12-12,265.41569601487475,0.3818885950763293
2013-12-13,262.55857138942025,0.0098017907004719
2013-12-14,261.7406429381987,0.0081251693129227
2013-12-15,266.05157988669816,0.2047386631439305
2013-12-16,269.7642614271024,1.4782094120729412
2013-12-17,266.3992620789451,0.2876307430581906
2013-12-18,264.1599118287796,0.2947823124899669
2013-12-19,257.2837828143133,0.0098858555657452
2013-12-20,258.7514138984761,0.0084732911113534
2013-12-21,261.9399098823413,0.2238734741596175
2013-12-22,259.9247905654427,0.2467236084212123
2013-12-23,255.2155775485291,0.0082819800100961
2013-12-24,259.74371223295026,0.2492839407640221
2013-12-25,254.82029541139255,0.1739942033597039
2013-12-26,258.14704411891563,0.0083345373734411
2013-12-27,257.6764215300393,0.1003189765884573
2013-12-28,259.9137697254572,0.0456138695349033
2013-12-29,259.04686853884,0.0093317009880486
2013-12-30,257.68301878049755,0.0089998812870073
2013-12-31,261.430305442386,0.0151365042134239
