Date,Qobs
2010-01-01,2.23
2010-01-02,2.23
2010-01-03,2.26
2010-01-04,2.26
2010-01-05,2.26
2010-01-06,2.25
2010-01-07,2.25
2010-01-08,2.24
2010-01-09,2.24
2010-01-10,2.23
2010-01-11,2.23
2010-01-12,2.22
2010-01-13,2.22
2010-01-14,2.21
2010-01-15,2.21
2010-01-16,2.21
2010-01-17,2.2
2010-01-18,2.2
2010-01-19,2.19
2010-01-20,2.19
2010-01-21,2.18
2010-01-22,2.18
2010-01-23,2.17
2010-01-24,2.17
2010-01-25,2.16
2010-01-26,2.16
2010-01-27,2.15
2010-01-28,2.15
2010-01-29,2.17
2010-01-30,2.19
2010-01-31,2.22
2010-02-01,2.24
2010-02-02,2.26
2010-02-03,2.28
2010-02-04,2.27
2010-02-05,2.26
2010-02-06,2.25
2010-02-07,2.24
2010-02-08,2.23
2010-02-09,2.22
2010-02-10,2.22
2010-02-11,2.21
2010-02-12,2.2
2010-02-13,2.19
2010-02-14,2.18
2010-02-15,2.17
2010-02-16,2.15
2010-02-17,2.14
2010-02-18,2.12
2010-02-19,2.1
2010-02-20,2.08
2010-02-21,2.07
2010-02-22,2.05
2010-02-23,2.03
2010-02-24,2.01
2010-02-25,2.0
2010-02-26,1.98
2010-02-27,1.96
2010-02-28,1.97
2010-03-01,1.99
2010-03-02,2.0
2010-03-03,2.01
2010-03-04,2.02
2010-03-05,2.04
2010-03-06,2.05
2010-03-07,2.08
2010-03-08,2.11
2010-03-09,2.14
2010-03-10,2.17
2010-03-11,2.2
2010-03-12,2.22
2010-03-13,2.25
2010-03-14,2.28
2010-03-15,2.31
2010-03-16,2.34
2010-03-17,2.45
2010-03-18,2.61
2010-03-19,3.09
2010-03-20,2.61
2010-03-21,2.45
2010-03-22,2.45
2010-03-23,2.23
2010-03-24,2.34
2010-03-25,2.34
2010-03-26,2.34
2010-03-27,2.34
2010-03-28,2.34
2010-03-29,2.34
2010-03-30,2.23
2010-03-31,2.23
2010-04-01,2.23
2010-04-02,2.45
2010-04-03,2.45
2010-04-04,2.45
2010-04-05,2.45
2010-04-06,2.61
2010-04-07,2.61
2010-04-08,2.61
2010-04-09,2.45
2010-04-10,2.61
2010-04-11,2.45
2010-04-12,2.61
2010-04-13,2.77
2010-04-14,2.61
2010-04-15,2.61
2010-04-16,2.61
2010-04-17,2.77
2010-04-18,2.77
2010-04-19,2.77
2010-04-20,2.77
2010-04-21,2.93
2010-04-22,3.09
2010-04-23,3.45
2010-04-24,3.67
2010-04-25,3.89
2010-04-26,4.11
2010-04-27,4.33
2010-04-28,4.55
2010-04-29,5.63
2010-04-30,5.9
2010-05-01,6.62
2010-05-02,6.62
2010-05-03,6.26
2010-05-04,5.36
2010-05-05,5.63
2010-05-06,6.26
2010-05-07,7.34
2010-05-08,8.66
2010-05-09,7.7
2010-05-10,8.66
2010-05-11,7.7
2010-05-12,7.34
2010-05-13,6.62
2010-05-14,7.34
2010-05-15,5.36
2010-05-16,6.62
2010-05-17,5.9
2010-05-18,5.36
2010-05-19,5.09
2010-05-20,5.09
2010-05-21,5.09
2010-05-22,6.98
2010-05-23,7.7
2010-05-24,7.34
2010-05-25,6.62
2010-05-26,5.9
2010-05-27,6.98
2010-05-28,6.62
2010-05-29,6.26
2010-05-30,7.34
2010-05-31,6.98
2010-06-01,7.1
2010-06-02,7.23
2010-06-03,7.35
2010-06-04,7.48
2010-06-05,7.6
2010-06-06,7.72
2010-06-07,7.85
2010-06-08,7.97
2010-06-09,8.33
2010-06-10,8.69
2010-06-11,9.05
2010-06-12,9.41
2010-06-13,9.76
2010-06-14,10.1
2010-06-15,10.5
2010-06-16,10.8
2010-06-17,11.2
2010-06-18,11.1
2010-06-19,11.0
2010-06-20,10.9
2010-06-21,10.8
2010-06-22,10.7
2010-06-23,10.6
2010-06-24,10.5
2010-06-25,10.4
2010-06-26,10.3
2010-06-27,10.2
2010-06-28,10.1
2010-06-29,9.99
2010-06-30,9.89
2010-07-01,10.2
2010-07-02,10.5
2010-07-03,10.9
2010-07-04,11.2
2010-07-05,11.5
2010-07-06,11.4
2010-07-07,11.4
2010-07-08,11.3
2010-07-09,11.2
2010-07-10,11.1
2010-07-11,11.1
2010-07-12,11.0
2010-07-13,10.9
2010-07-14,10.8
2010-07-15,10.8
2010-07-16,10.7
2010-07-17,10.7
2010-07-18,10.7
2010-07-19,10.8
2010-07-20,10.8
2010-07-21,10.8
2010-07-22,10.8
2010-07-23,10.9
2010-07-24,10.9
2010-07-25,10.9
2010-07-26,10.9
2010-07-27,10.9
2010-07-28,11.0
2010-07-29,11.0
2010-07-30,11.0
2010-07-31,12.5
2010-08-01,14.0
2010-08-02,15.5
2010-08-03,17.0
2010-08-04,21.1
2010-08-05,21.9
2010-08-06,21.9
2010-08-07,21.1
2010-08-08,21.1
2010-08-09,19.4
2010-08-10,19.4
2010-08-11,19.4
2010-08-12,17.0
2010-08-13,17.0
2010-08-14,18.6
2010-08-15,18.6
2010-08-16,19.4
2010-08-17,19.4
2010-08-18,20.2
2010-08-19,20.2
2010-08-20,17.8
2010-08-21,18.6
2010-08-22,17.8
2010-08-23,18.6
2010-08-24,20.2
2010-08-25,17.0
2010-08-26,15.6
2010-08-27,15.6
2010-08-28,14.3
2010-08-29,13.0
2010-08-30,12.4
2010-08-31,12.4
2010-09-01,12.4
2010-09-02,13.6
2010-09-03,14.9
2010-09-04,14.9
2010-09-05,14.9
2010-09-06,14.9
2010-09-07,14.9
2010-09-08,14.3
2010-09-09,12.4
2010-09-10,9.62
2010-09-11,9.14
2010-09-12,8.66
2010-09-13,6.98
2010-09-14,6.26
2010-09-15,5.9
2010-09-16,5.63
2010-09-17,5.9
2010-09-18,5.9
2010-09-19,5.63
2010-09-20,4.82
2010-09-21,4.55
2010-09-22,4.38
2010-09-23,4.38
2010-09-24,4.21
2010-09-25,4.38
2010-09-26,4.21
2010-09-27,4.04
2010-09-28,3.87
2010-09-29,3.87
2010-09-30,3.7
2010-10-01,3.7
2010-10-02,3.68
2010-10-03,3.67
2010-10-04,3.65
2010-10-05,4.05
2010-10-06,3.85
2010-10-07,3.45
2010-10-08,3.85
2010-10-09,4.05
2010-10-10,3.65
2010-10-11,3.65
2010-10-12,3.45
2010-10-13,3.25
2010-10-14,3.09
2010-10-15,3.25
2010-10-16,3.09
2010-10-17,3.25
2010-10-18,3.25
2010-10-19,3.25
2010-10-20,3.25
2010-10-21,3.45
2010-10-22,3.45
2010-10-23,3.65
2010-10-24,3.45
2010-10-25,3.25
2010-10-26,3.25
2010-10-27,3.09
2010-10-28,3.09
2010-10-29,3.09
2010-10-30,3.09
2010-10-31,3.09
2010-11-01,2.77
2010-11-02,2.77
2010-11-03,3.25
2010-11-04,3.25
2010-11-05,3.25
2010-11-06,3.25
2010-11-07,3.25
2010-11-08,3.45
2010-11-09,3.45
2010-11-10,3.25
2010-11-11,3.25
2010-11-12,3.45
2010-11-13,3.65
2010-11-14,3.65
2010-11-15,3.65
2010-11-16,3.25
2010-11-17,3.45
2010-11-18,3.25
2010-11-19,3.09
2010-11-20,3.25
2010-11-21,2.93
2010-11-22,2.93
2010-11-23,2.93
2010-11-24,2.93
2010-11-25,2.93
2010-11-26,2.77
2010-11-27,2.77
2010-11-28,2.77
2010-11-29,2.77
2010-11-30,2.93
2010-12-01,2.77
2010-12-02,2.77
2010-12-03,2.77
2010-12-04,3.09
2010-12-05,3.09
2010-12-06,3.09
2010-12-07,3.06
2010-12-08,3.03
2010-12-09,3.0
2010-12-10,2.97
2010-12-11,2.94
2010-12-12,2.93
2010-12-13,2.89
2010-12-14,2.86
2010-12-15,2.83
2010-12-16,2.8
2010-12-17,2.77
2010-12-18,2.61
2010-12-19,2.69
2010-12-20,2.77
2010-12-21,2.61
2010-12-22,2.77
2010-12-23,2.77
2010-12-24,2.62
2010-12-25,2.47
2010-12-26,2.46
2010-12-27,2.45
2010-12-28,2.44
2010-12-29,2.43
2010-12-30,2.42
2010-12-31,2.41
2011-01-01,2.41
2011-01-02,2.4
2011-01-03,2.39
2011-01-04,2.38
2011-01-05,2.37
2011-01-06,2.36
2011-01-07,2.35
2011-01-08,2.34
2011-01-09,2.35
2011-01-10,2.37
2011-01-11,2.38
2011-01-12,2.39
2011-01-13,2.41
2011-01-14,2.42
2011-01-15,2.43
2011-01-16,2.44
2011-01-17,2.46
2011-01-18,2.47
2011-01-19,2.45
2011-01-20,2.43
2011-01-21,2.41
2011-01-22,2.39
2011-01-23,2.37
2011-01-24,2.35
2011-01-25,2.33
2011-01-26,2.31
2011-01-27,2.29
2011-01-28,2.27
2011-01-29,2.25
2011-01-30,2.23
2011-01-31,2.22
2011-02-01,2.2
2011-02-02,2.19
2011-02-03,2.17
2011-02-04,2.16
2011-02-05,2.15
2011-02-06,2.13
2011-02-07,2.12
2011-02-08,2.1
2011-02-09,2.09
2011-02-10,2.08
2011-02-11,2.07
2011-02-12,2.06
2011-02-13,2.05
2011-02-14,2.04
2011-02-15,2.04
2011-02-16,2.03
2011-02-17,2.02
2011-02-18,2.01
2011-02-19,2.0
2011-02-20,1.99
2011-02-21,1.98
2011-02-22,1.98
2011-02-23,1.97
2011-02-24,1.96
2011-02-25,1.95
2011-02-26,1.95
2011-02-27,1.94
2011-02-28,1.93
2011-03-01,1.93
2011-03-02,1.94
2011-03-03,1.94
2011-03-04,1.94
2011-03-05,1.97
2011-03-06,1.99
2011-03-07,2.02
2011-03-08,2.04
2011-03-09,2.07
2011-03-10,2.1
2011-03-11,2.12
2011-03-12,2.15
2011-03-13,2.17
2011-03-14,2.2
2011-03-15,2.23
2011-03-16,2.23
2011-03-17,2.12
2011-03-18,2.23
2011-03-19,2.23
2011-03-20,2.23
2011-03-21,2.34
2011-03-22,2.12
2011-03-23,2.12
2011-03-24,2.34
2011-03-25,2.34
2011-03-26,2.45
2011-03-27,2.45
2011-03-28,2.45
2011-03-29,2.61
2011-03-30,2.77
2011-03-31,2.34
2011-04-01,2.45
2011-04-02,2.45
2011-04-03,2.34
2011-04-04,2.34
2011-04-05,2.34
2011-04-06,2.45
2011-04-07,2.77
2011-04-08,2.77
2011-04-09,2.77
2011-04-10,3.09
2011-04-11,3.09
2011-04-12,3.09
2011-04-13,2.93
2011-04-14,3.09
2011-04-15,3.45
2011-04-16,3.45
2011-04-17,3.45
2011-04-18,3.09
2011-04-19,3.09
2011-04-20,2.93
2011-04-21,2.93
2011-04-22,2.93
2011-04-23,3.09
2011-04-24,4.65
2011-04-25,7.28
2011-04-26,7.02
2011-04-27,7.54
2011-04-28,7.4
2011-04-29,7.26
2011-04-30,7.12
2011-05-01,6.98
2011-05-02,6.84
2011-05-03,6.69
2011-05-04,7.82
2011-05-05,9.42
2011-05-06,11.0
2011-05-07,10.1
2011-05-08,8.14
2011-05-09,8.78
2011-05-10,8.46
2011-05-11,7.82
2011-05-12,8.78
2011-05-13,8.46
2011-05-14,8.46
2011-05-15,9.74
2011-05-16,11.0
2011-05-17,13.7
2011-05-18,12.3
2011-05-19,11.3
2011-05-20,10.7
2011-05-21,10.4
2011-05-22,9.1
2011-05-23,8.46
2011-05-24,8.78
2011-05-25,9.1
2011-05-26,8.46
2011-05-27,8.46
2011-05-28,8.46
2011-05-29,8.78
2011-05-30,9.42
2011-05-31,9.42
2011-06-01,9.1
2011-06-02,8.46
2011-06-03,9.1
2011-06-04,9.42
2011-06-05,11.0
2011-06-06,10.1
2011-06-07,9.1
2011-06-08,9.42
2011-06-09,10.1
2011-06-10,11.0
2011-06-11,10.7
2011-06-12,13.3
2011-06-13,15.0
2011-06-14,14.0
2011-06-15,13.0
2011-06-16,13.3
2011-06-17,13.0
2011-06-18,12.6
2011-06-19,13.0
2011-06-20,13.0
2011-06-21,13.3
2011-06-22,13.3
2011-06-23,13.0
2011-06-24,13.7
2011-06-25,16.1
2011-06-26,18.3
2011-06-27,15.0
2011-06-28,14.7
2011-06-29,14.3
2011-06-30,14.0
2011-07-01,13.7
2011-07-02,13.3
2011-07-03,13.3
2011-07-04,13.3
2011-07-05,14.3
2011-07-06,14.7
2011-07-07,13.7
2011-07-08,13.3
2011-07-09,13.3
2011-07-10,13.7
2011-07-11,14.0
2011-07-12,14.7
2011-07-13,16.1
2011-07-14,16.1
2011-07-15,16.1
2011-07-16,16.1
2011-07-17,16.1
2011-07-18,15.0
2011-07-19,13.7
2011-07-20,13.7
2011-07-21,14.7
2011-07-22,14.3
2011-07-23,14.7
2011-07-24,15.0
2011-07-25,15.7
2011-07-26,16.1
2011-07-27,15.4
2011-07-28,14.7
2011-07-29,14.7
2011-07-30,14.7
2011-07-31,14.0
2011-08-01,14.0
2011-08-02,14.0
2011-08-03,14.7
2011-08-04,15.4
2011-08-05,16.1
2011-08-06,16.4
2011-08-07,15.4
2011-08-08,15.7
2011-08-09,16.8
2011-08-10,15.0
2011-08-11,10.7
2011-08-12,12.6
2011-08-13,12.0
2011-08-14,13.0
2011-08-15,14.0
2011-08-16,13.7
2011-08-17,13.7
2011-08-18,13.0
2011-08-19,13.3
2011-08-20,13.7
2011-08-21,13.0
2011-08-22,12.3
2011-08-23,16.1
2011-08-24,15.0
2011-08-25,16.1
2011-08-26,16.1
2011-08-27,17.1
2011-08-28,16.1
2011-08-29,14.0
2011-08-30,13.3
2011-08-31,13.0
2011-09-01,12.6
2011-09-02,12.0
2011-09-03,11.3
2011-09-04,12.0
2011-09-05,12.0
2011-09-06,12.3
2011-09-07,13.3
2011-09-08,13.7
2011-09-09,11.7
2011-09-10,11.3
2011-09-11,11.7
2011-09-12,12.3
2011-09-13,11.7
2011-09-14,11.3
2011-09-15,9.74
2011-09-16,9.74
2011-09-17,9.74
2011-09-18,9.1
2011-09-19,8.46
2011-09-20,8.14
2011-09-21,7.5
2011-09-22,7.82
2011-09-23,7.82
2011-09-24,7.5
2011-09-25,7.23
2011-09-26,7.23
2011-09-27,6.96
2011-09-28,6.96
2011-09-29,6.96
2011-09-30,7.23
2011-10-01,6.96
2011-10-02,6.69
2011-10-03,6.69
2011-10-04,6.69
2011-10-05,6.42
2011-10-06,6.42
2011-10-07,6.42
2011-10-08,6.09
2011-10-09,5.76
2011-10-10,5.43
2011-10-11,5.1
2011-10-12,4.77
2011-10-13,4.43
2011-10-14,4.1
2011-10-15,4.23
2011-10-16,4.23
2011-10-17,4.23
2011-10-18,4.1
2011-10-19,4.1
2011-10-20,4.23
2011-10-21,4.1
2011-10-22,4.23
2011-10-23,4.23
2011-10-24,4.23
2011-10-25,4.1
2011-10-26,4.1
2011-10-27,4.1
2011-10-28,4.1
2011-10-29,3.97
2011-10-30,3.97
2011-10-31,3.97
2011-11-01,3.97
2011-11-02,3.97
2011-11-03,3.97
2011-11-04,3.97
2011-11-05,3.85
2011-11-06,3.85
2011-11-07,3.85
2011-11-08,3.97
2011-11-09,3.73
2011-11-10,3.73
2011-11-11,3.73
2011-11-12,3.73
2011-11-13,3.61
2011-11-14,3.61
2011-11-15,3.73
2011-11-16,3.73
2011-11-17,3.61
2011-11-18,3.61
2011-11-19,3.61
2011-11-20,3.61
2011-11-21,3.61
2011-11-22,3.61
2011-11-23,3.61
2011-11-24,3.61
2011-11-25,3.61
2011-11-26,3.49
2011-11-27,3.49
2011-11-28,3.49
2011-11-29,3.61
2011-11-30,3.49
2011-12-01,3.37
2011-12-02,3.61
2011-12-03,3.49
2011-12-04,3.49
2011-12-05,3.61
2011-12-06,3.61
2011-12-07,3.61
2011-12-08,3.73
2011-12-09,3.85
2011-12-10,3.61
2011-12-11,3.49
2011-12-12,3.61
2011-12-13,3.26
2011-12-14,3.14
2011-12-15,3.26
2011-12-16,2.91
2011-12-17,2.8
2011-12-18,2.91
2011-12-19,3.03
2011-12-20,2.91
2011-12-21,3.37
2011-12-22,3.03
2011-12-23,3.26
2011-12-24,3.14
2011-12-25,3.14
2011-12-26,3.03
2011-12-27,2.91
2011-12-28,3.03
2011-12-29,2.8
2011-12-30,2.7
2011-12-31,3.03
2012-01-01,2.8
2012-01-02,2.57
2012-01-03,2.34
2012-01-04,2.33
2012-01-05,2.33
2012-01-06,2.32
2012-01-07,2.32
2012-01-08,2.31
2012-01-09,2.3
2012-01-10,2.3
2012-01-11,2.29
2012-01-12,2.29
2012-01-13,2.28
2012-01-14,2.27
2012-01-15,2.27
2012-01-16,2.26
2012-01-17,2.26
2012-01-18,2.25
2012-01-19,2.24
2012-01-20,2.24
2012-01-21,2.23
2012-01-22,2.23
2012-01-23,2.22
2012-01-24,2.22
2012-01-25,2.21
2012-01-26,2.2
2012-01-27,2.2
2012-01-28,2.19
2012-01-29,2.19
2012-01-30,2.18
2012-01-31,2.11
2012-02-01,2.04
2012-02-02,1.97
2012-02-03,1.9
2012-02-04,1.9
2012-02-05,1.9
2012-02-06,1.89
2012-02-07,1.89
2012-02-08,1.89
2012-02-09,1.89
2012-02-10,1.89
2012-02-11,1.88
2012-02-12,1.88
2012-02-13,1.88
2012-02-14,1.88
2012-02-15,1.88
2012-02-16,1.87
2012-02-17,1.87
2012-02-18,1.87
2012-02-19,1.88
2012-02-20,1.89
2012-02-21,1.91
2012-02-22,1.92
2012-02-23,1.93
2012-02-24,1.94
2012-02-25,1.95
2012-02-26,1.96
2012-02-27,1.98
2012-02-28,1.99
2012-02-29,2.0
2012-03-01,2.02
2012-03-02,2.02
2012-03-03,2.04
2012-03-04,2.05
2012-03-05,2.06
2012-03-06,2.05
2012-03-07,2.04
2012-03-08,2.04
2012-03-09,2.03
2012-03-10,2.02
2012-03-11,2.01
2012-03-12,2.01
2012-03-13,2.0
2012-03-14,1.99
2012-03-15,2.05
2012-03-16,2.1
2012-03-17,2.16
2012-03-18,2.22
2012-03-19,2.28
2012-03-20,2.33
2012-03-21,2.39
2012-03-22,2.45
2012-03-23,2.5
2012-03-24,2.56
2012-03-25,2.62
2012-03-26,2.67
2012-03-27,2.73
2012-03-28,2.79
2012-03-29,2.85
2012-03-30,3.16
2012-03-31,3.47
2012-04-01,3.78
2012-04-02,4.09
2012-04-03,4.4
2012-04-04,4.71
2012-04-05,5.02
2012-04-06,4.84
2012-04-07,5.02
2012-04-08,4.84
2012-04-09,4.48
2012-04-10,4.3
2012-04-11,4.48
2012-04-12,4.3
2012-04-13,4.3
2012-04-14,4.3
2012-04-15,4.16
2012-04-16,4.16
2012-04-17,4.02
2012-04-18,4.02
2012-04-19,4.3
2012-04-20,4.48
2012-04-21,6.01
2012-04-22,5.74
2012-04-23,5.47
2012-04-24,5.74
2012-04-25,5.47
2012-04-26,6.01
2012-04-27,6.28
2012-04-28,6.86
2012-04-29,6.55
2012-04-30,5.02
2012-05-01,4.66
2012-05-02,4.41
2012-05-03,4.16
2012-05-04,3.91
2012-05-05,3.91
2012-05-06,4.3
2012-05-07,4.43
2012-05-08,4.69
2012-05-09,4.43
2012-05-10,4.56
2012-05-11,4.69
2012-05-12,4.69
2012-05-13,4.82
2012-05-14,4.82
2012-05-15,5.11
2012-05-16,5.11
2012-05-17,5.43
2012-05-18,5.92
2012-05-19,5.75
2012-05-20,5.27
2012-05-21,5.11
2012-05-22,4.82
2012-05-23,4.82
2012-05-24,5.11
2012-05-25,5.27
2012-05-26,5.75
2012-05-27,6.78
2012-05-28,7.68
2012-05-29,7.5
2012-05-30,7.32
2012-05-31,6.78
2012-06-01,6.78
2012-06-02,5.92
2012-06-03,5.75
2012-06-04,5.59
2012-06-05,5.59
2012-06-06,6.54
2012-06-07,7.48
2012-06-08,8.43
2012-06-09,9.37
2012-06-10,10.3
2012-06-11,11.3
2012-06-12,12.2
2012-06-13,13.2
2012-06-14,14.1
2012-06-15,13.0
2012-06-16,14.6
2012-06-17,14.1
2012-06-18,14.6
2012-06-19,16.9
2012-06-20,18.2
2012-06-21,20.5
2012-06-22,23.0
2012-06-23,23.0
2012-06-24,22.1
2012-06-25,19.0
2012-06-26,17.5
2012-06-27,20.5
2012-06-28,21.2
2012-06-29,20.5
2012-06-30,20.5
2012-07-01,20.5
2012-07-02,21.2
2012-07-03,22.1
2012-07-04,22.1
2012-07-05,23.0
2012-07-06,19.0
2012-07-07,18.2
2012-07-08,18.2
2012-07-09,18.2
2012-07-10,19.0
2012-07-11,19.7
2012-07-12,16.9
2012-07-13,14.6
2012-07-14,14.6
2012-07-15,15.8
2012-07-16,15.2
2012-07-17,15.2
2012-07-18,14.6
2012-07-19,14.6
2012-07-20,14.6
2012-07-21,14.6
2012-07-22,14.6
2012-07-23,15.8
2012-07-24,16.3
2012-07-25,20.5
2012-07-26,21.2
2012-07-27,22.1
2012-07-28,19.0
2012-07-29,19.0
2012-07-30,19.7
2012-07-31,19.7
2012-08-01,19.7
2012-08-02,18.2
2012-08-03,16.9
2012-08-04,16.3
2012-08-05,16.9
2012-08-06,17.5
2012-08-07,17.5
2012-08-08,22.1
2012-08-09,19.0
2012-08-10,18.2
2012-08-11,16.3
2012-08-12,17.5
2012-08-13,19.0
2012-08-14,21.2
2012-08-15,19.7
2012-08-16,19.7
2012-08-17,18.2
2012-08-18,19.7
2012-08-19,19.7
2012-08-20,21.2
2012-08-21,21.2
2012-08-22,23.0
2012-08-23,22.1
2012-08-24,20.5
2012-08-25,23.8
2012-08-26,19.7
2012-08-27,18.2
2012-08-28,16.3
2012-08-29,16.9
2012-08-30,16.3
2012-08-31,16.9
2012-09-01,16.3
2012-09-02,16.3
2012-09-03,16.3
2012-09-04,16.3
2012-09-05,14.6
2012-09-06,14.1
2012-09-07,13.0
2012-09-08,14.1
2012-09-09,14.1
2012-09-10,11.6
2012-09-11,11.6
2012-09-12,12.5
2012-09-13,13.0
2012-09-14,11.1
2012-09-15,11.1
2012-09-16,9.8
2012-09-17,9.8
2012-09-18,9.46
2012-09-19,9.8
2012-09-20,9.12
2012-09-21,9.8
2012-09-22,9.46
2012-09-23,9.12
2012-09-24,8.78
2012-09-25,8.44
2012-09-26,8.1
2012-09-27,8.1
2012-09-28,7.79
2012-09-29,7.48
2012-09-30,7.48
2012-10-01,6.86
2012-10-02,6.28
2012-10-03,6.01
2012-10-04,5.02
2012-10-05,5.02
2012-10-06,5.47
2012-10-07,5.47
2012-10-08,5.74
2012-10-09,6.28
2012-10-10,6.01
2012-10-11,5.74
2012-10-12,5.47
2012-10-13,5.74
2012-10-14,5.74
2012-10-15,6.01
2012-10-16,6.01
2012-10-17,5.74
2012-10-18,5.47
2012-10-19,5.47
2012-10-20,5.47
2012-10-21,5.47
2012-10-22,5.47
2012-10-23,5.47
2012-10-24,5.47
2012-10-25,5.2
2012-10-26,5.2
2012-10-27,5.2
2012-10-28,5.2
2012-10-29,5.2
2012-10-30,5.2
2012-10-31,4.94
2012-11-01,4.68
2012-11-02,4.42
2012-11-03,4.17
2012-11-04,3.91
2012-11-05,3.65
2012-11-06,3.39
2012-11-07,3.65
2012-11-08,3.39
2012-11-09,3.39
2012-11-10,3.26
2012-11-11,3.26
2012-11-12,3.39
2012-11-13,3.26
2012-11-14,3.26
2012-11-15,3.52
2012-11-16,3.52
2012-11-17,3.39
2012-11-18,3.26
2012-11-19,3.26
2012-11-20,3.39
2012-11-21,3.39
2012-11-22,3.65
2012-11-23,3.39
2012-11-24,2.88
2012-11-25,3.0
2012-11-26,3.52
2012-11-27,3.78
2012-11-28,3.0
2012-11-29,2.88
2012-11-30,2.76
2012-12-01,2.64
2012-12-02,2.76
2012-12-03,2.64
2012-12-04,2.64
2012-12-05,3.13
2012-12-06,3.0
2012-12-07,3.0
2012-12-08,2.88
2012-12-09,2.88
2012-12-10,2.88
2012-12-11,2.88
2012-12-12,2.88
2012-12-13,2.88
2012-12-14,2.88
2012-12-15,2.88
2012-12-16,2.88
2012-12-17,2.88
2012-12-18,2.88
2012-12-19,3.0
2012-12-20,3.0
2012-12-21,3.0
2012-12-22,3.0
2012-12-23,3.0
2012-12-24,3.0
2012-12-25,3.0
2012-12-26,3.0
2012-12-27,2.52
2012-12-28,2.4
2012-12-29,2.52
2012-12-30,2.52
2012-12-31,2.64
2013-01-01,2.76
2013-01-02,2.64
2013-01-03,2.52
2013-01-04,2.52
2013-01-05,2.4
2013-01-06,2.28
2013-01-07,2.4
2013-01-08,2.4
2013-01-09,2.64
2013-01-10,2.64
2013-01-11,2.7
2013-01-12,2.77
2013-01-13,2.83
2013-01-14,2.6
2013-01-15,2.83
2013-01-16,2.6
2013-01-17,2.5
2013-01-18,2.4
2013-01-19,2.4
2013-01-20,2.5
2013-01-21,2.5
2013-01-22,2.4
2013-01-23,2.3
2013-01-24,2.3
2013-01-25,2.3
2013-01-26,2.3
2013-01-27,2.5
2013-01-28,2.83
2013-01-29,3.05
2013-01-30,3.05
2013-01-31,3.05
2013-02-01,3.05
2013-02-02,3.05
2013-02-03,3.05
2013-02-04,3.05
2013-02-05,3.05
2013-02-06,3.05
2013-02-07,3.05
2013-02-08,3.33
2013-02-09,3.33
2013-02-10,3.05
2013-02-11,3.05
2013-02-12,3.02
2013-02-13,3.0
2013-02-14,2.97
2013-02-15,2.94
2013-02-16,2.91
2013-02-17,2.89
2013-02-18,2.86
2013-02-19,2.83
2013-02-20,2.6
2013-02-21,3.05
2013-02-22,2.83
2013-02-23,2.83
2013-02-24,2.83
2013-02-25,2.83
2013-02-26,2.83
2013-02-27,3.05
2013-02-28,2.83
2013-03-01,2.83
2013-03-02,3.05
2013-03-03,3.05
2013-03-04,3.05
2013-03-05,3.33
2013-03-06,3.33
2013-03-07,3.33
2013-03-08,3.05
2013-03-09,3.05
2013-03-10,3.05
2013-03-11,3.05
2013-03-12,3.05
2013-03-13,3.05
2013-03-14,3.05
2013-03-15,3.05
2013-03-16,3.33
2013-03-17,3.33
2013-03-18,3.6
2013-03-19,3.33
2013-03-20,3.33
2013-03-21,3.33
2013-03-22,3.6
2013-03-23,3.6
2013-03-24,3.6
2013-03-25,3.6
2013-03-26,3.6
2013-03-27,3.6
2013-03-28,3.33
2013-03-29,3.88
2013-03-30,4.15
2013-03-31,4.02
2013-04-01,3.9
2013-04-02,3.77
2013-04-03,3.64
2013-04-04,3.52
2013-04-05,3.39
2013-04-06,3.27
2013-04-07,3.14
2013-04-08,3.01
2013-04-09,2.89
2013-04-10,2.76
2013-04-11,2.76
2013-04-12,2.76
2013-04-13,2.76
2013-04-14,2.92
2013-04-15,2.92
2013-04-16,3.08
2013-04-17,2.92
2013-04-18,2.92
2013-04-19,2.76
2013-04-20,2.76
2013-04-21,2.6
2013-04-22,2.6
2013-04-23,2.92
2013-04-24,2.92
2013-04-25,2.92
2013-04-26,2.92
2013-04-27,2.92
2013-04-28,3.08
2013-04-29,3.08
2013-04-30,2.92
2013-05-01,3.24
2013-05-02,3.24
2013-05-03,3.08
2013-05-04,3.58
2013-05-05,3.08
2013-05-06,3.24
2013-05-07,3.76
2013-05-08,4.12
2013-05-09,4.3
2013-05-10,4.66
2013-05-11,5.39
2013-05-12,4.84
2013-05-13,4.84
2013-05-14,4.84
2013-05-15,5.02
2013-05-16,5.02
2013-05-17,5.39
2013-05-18,5.96
2013-05-19,6.75
2013-05-20,6.15
2013-05-21,6.35
2013-05-22,5.2
2013-05-23,5.58
2013-05-24,5.58
2013-05-25,5.58
2013-05-26,5.39
2013-05-27,4.84
2013-05-28,4.84
2013-05-29,5.02
2013-05-30,5.96
2013-05-31,7.15
2013-06-01,9.55
2013-06-02,8.85
2013-06-03,8.85
2013-06-04,8.51
2013-06-05,8.51
2013-06-06,8.85
2013-06-07,8.17
2013-06-08,8.51
2013-06-09,10.6
2013-06-10,13.0
2013-06-11,12.5
2013-06-12,12.5
2013-06-13,11.1
2013-06-14,8.51
2013-06-15,7.83
2013-06-16,7.83
2013-06-17,7.49
2013-06-18,7.49
2013-06-19,6.75
2013-06-20,6.95
2013-06-21,7.83
2013-06-22,9.9
2013-06-23,10.3
2013-06-24,11.1
2013-06-25,12.0
2013-06-26,12.5
2013-06-27,14.1
2013-06-28,13.0
2013-06-29,11.1
2013-06-30,9.55
2013-07-01,10.0
2013-07-02,10.5
2013-07-03,10.9
2013-07-04,11.4
2013-07-05,11.9
2013-07-06,12.3
2013-07-07,12.8
2013-07-08,13.2
2013-07-09,13.7
2013-07-10,13.0
2013-07-11,12.3
2013-07-12,13.0
2013-07-13,13.4
2013-07-14,13.0
2013-07-15,12.7
2013-07-16,11.9
2013-07-17,11.6
2013-07-18,12.7
2013-07-19,13.4
2013-07-20,14.1
2013-07-21,15.0
2013-07-22,16.3
2013-07-23,13.7
2013-07-24,12.7
2013-07-25,12.3
2013-07-26,13.0
2013-07-27,14.1
2013-07-28,15.0
2013-07-29,15.9
2013-07-30,17.2
2013-07-31,17.7
2013-08-01,17.7
2013-08-02,15.9
2013-08-03,22.8
2013-08-04,22.8
2013-08-05,24.7
2013-08-06,24.7
2013-08-07,26.2
2013-08-08,24.3
2013-08-09,26.6
2013-08-10,26.6
2013-08-11,27.6
2013-08-12,29.6
2013-08-13,28.6
2013-08-14,24.7
2013-08-15,22.6
2013-08-16,22.2
2013-08-17,23.0
2013-08-18,23.4
2013-08-19,22.2
2013-08-20,20.9
2013-08-21,20.9
2013-08-22,20.9
2013-08-23,20.5
2013-08-24,23.0
2013-08-25,23.0
2013-08-26,22.2
2013-08-27,20.9
2013-08-28,20.5
2013-08-29,20.5
2013-08-30,20.1
2013-08-31,20.9
2013-09-01,20.5
2013-09-02,20.5
2013-09-03,21.3
2013-09-04,20.9
2013-09-05,20.9
2013-09-06,18.5
2013-09-07,16.1
2013-09-08,13.6
2013-09-09,11.2
2013-09-10,8.8
2013-09-11,8.8
2013-09-12,8.28
2013-09-13,8.8
2013-09-14,8.02
2013-09-15,7.5
2013-09-16,7.5
2013-09-17,7.06
2013-09-18,7.06
2013-09-19,7.06
2013-09-20,6.84
2013-09-21,6.84
2013-09-22,6.62
2013-09-23,6.84
2013-09-24,6.84
2013-09-25,6.62
2013-09-26,6.62
2013-09-27,6.4
2013-09-28,6.84
2013-09-29,6.04
2013-09-30,5.86
2013-10-01,6.04
2013-10-02,5.68
2013-10-03,5.68
2013-10-04,5.68
2013-10-05,5.68
2013-10-06,5.86
2013-10-07,5.68
2013-10-08,5.68
2013-10-09,5.5
2013-10-10,5.5
2013-10-11,5.68
2013-10-12,5.5
2013-10-13,5.5
2013-10-14,5.36
2013-10-15,5.5
2013-10-16,5.5
2013-10-17,5.36
2013-10-18,5.36
2013-10-19,5.22
2013-10-20,5.22
2013-10-21,5.08
2013-10-22,5.08
2013-10-23,5.08
2013-10-24,5.08
2013-10-25,4.94
2013-10-26,4.94
2013-10-27,4.8
2013-10-28,4.94
2013-10-29,4.8
2013-10-30,4.8
2013-10-31,4.64
2013-11-01,4.47
2013-11-02,4.31
2013-11-03,4.15
2013-11-04,3.9
2013-11-05,3.82
2013-11-06,3.66
2013-11-07,3.5
2013-11-08,3.33
2013-11-09,3.6
2013-11-10,3.6
2013-11-11,2.6
2013-11-12,2.4
2013-11-13,2.5
2013-11-14,2.5
2013-11-15,2.4
2013-11-16,2.4
2013-11-17,2.4
2013-11-18,2.4
2013-11-19,2.4
2013-11-20,2.4
2013-11-21,2.2
2013-11-22,2.2
2013-11-23,2.3
2013-11-24,2.3
2013-11-25,2.3
2013-11-26,2.2
2013-11-27,2.3
2013-11-28,2.2
2013-11-29,2.3
2013-11-30,2.3
2013-12-01,2.3
2013-12-02,2.3
2013-12-03,2.3
2013-12-04,2.2
2013-12-05,2.4
2013-12-06,2.4
2013-12-07,2.4
2013-12-08,2.4
2013-12-09,2.2
2013-12-10,2.2
2013-12-11,2.3
2013-12-12,2.3
2013-12-13,2.3
2013-12-14,2.3
2013-12-15,2.4
2013-12-16,2.4
2013-12-17,2.3
2013-12-18,2.2
2013-12-19,2.2
2013-12-20,2.2
2013-12-21,2.4
2013-12-22,2.2
2013-12-23,2.3
2013-12-24,2.3
2013-12-25,2.3
2013-12-26,2.2
2013-12-27,2.3
2013-12-28,2.3
2013-12-29,2.4
2013-12-30,2.4
2013-12-31,2.4
