,T2,RRR,PE,Q_HBV,Qobs,Q_DDM,Q_Total
2011-01-01,252.76757300652946,0.01049041748046875,0.0,6.385592453247639e-06,0.0,0.0,6.385592453247639e-06
2011-01-02,248.84452528197323,0.004291534423828125,0.0,2.5834700403979244e-05,0.0,0.0,2.5834700403979244e-05
2011-01-03,248.9911249281122,0.0,0.0,4.240983440591826e-05,0.0,0.0,4.240983440591826e-05
2011-01-04,253.45251793099283,0.032901763916015625,0.0,3.6443274058032395e-05,0.0,0.0,3.6443274058032395e-05
2011-01-05,252.38901074202178,0.20456314086914062,0.0,1.7071694924312315e-05,0.0,0.0,1.7071694924312315e-05
2011-01-06,248.13036471639103,0.0209808349609375,0.0,3.4427875267139083e-06,0.0,0.0,3.4427875267139083e-06
2011-01-07,249.27697183121913,0.0,0.0,7.867422074495313e-07,0.0,0.0,7.867422074495313e-07
2011-01-08,247.8124297194163,0.005245208740234375,0.0,3.966877797899796e-06,0.0,0.0,3.966877797899796e-06
2011-01-09,247.61488564120225,0.0,0.0,7.004697405733087e-06,0.0,0.0,7.004697405733087e-06
2011-01-10,252.12146477029546,0.0,0.0,7.673409845211189e-06,0.0,0.0,7.673409845211189e-06
2011-01-11,253.4638834098062,0.0,0.0,6.760968083834656e-06,0.0,0.0,6.760968083834656e-06
2011-01-12,251.91326460267112,0.0,0.0,5.691756277012954e-06,0.0,0.0,5.691756277012954e-06
2011-01-13,251.51157572724603,0.01430511474609375,0.0,5.146040976917475e-06,0.0,0.0,5.146040976917475e-06
2011-01-14,252.76224020227167,0.0,0.0,5.034244461861195e-06,0.0,0.0,5.034244461861195e-06
2011-01-15,254.9645554732482,0.0,0.0,5.024325077460896e-06,0.0,0.0,5.024325077460896e-06
2011-01-16,255.4447971680404,0.0,0.0,4.919737938244279e-06,0.0,0.0,4.919737938244279e-06
2011-01-17,255.7377337211045,0.0,0.0,4.714458864737204e-06,0.0,0.0,4.714458864737204e-06
2011-01-18,255.43983866891475,0.7567405700683594,0.0,4.481819815191023e-06,0.0,0.0,4.481819815191023e-06
2011-01-19,252.1214970508294,0.22172927856445312,0.0,4.275159033088936e-06,0.0,0.0,4.275159033088936e-06
2011-01-20,250.06491263002556,0.01049041748046875,0.0,4.10247357625652e-06,0.0,0.0,4.10247357625652e-06
2011-01-21,250.06187280355792,0.012874603271484375,0.0,3.94803926393564e-06,0.0,0.0,3.94803926393564e-06
2011-01-22,253.1485709768102,0.0133514404296875,0.0,3.7975263188434894e-06,0.0,0.0,3.7975263188434894e-06
2011-01-23,254.85663240758754,0.1125335693359375,0.0,3.646971312792281e-06,0.0,0.0,3.646971312792281e-06
2011-01-24,254.19470981814877,0.16927719116210938,0.0,3.4991004681761076e-06,0.0,0.0,3.4991004681761076e-06
2011-01-25,252.8741608065893,0.7562637329101562,0.0,3.357213798292244e-06,0.0,0.0,3.357213798292244e-06
2011-01-26,250.38040930589082,0.3361701965332031,0.0,3.222371715365516e-06,0.0,0.0,3.222371715365516e-06
2011-01-27,250.3115437451173,0.006198883056640625,0.0,3.093851294085437e-06,0.0,0.0,3.093851294085437e-06
2011-01-28,252.7086177720662,0.0,0.0,2.9705775537499145e-06,0.0,0.0,2.9705775537499145e-06
2011-01-29,253.96514074591346,0.0,0.0,2.8519414733512474e-06,0.0,0.0,2.8519414733512474e-06
2011-01-30,255.04284695035042,0.0,0.0,2.7378042833834754e-06,0.0,0.0,2.7378042833834754e-06
2011-01-31,258.65779628465594,0.0,0.0,2.628176572254949e-06,0.0,0.0,2.628176572254949e-06
2011-02-01,258.957635524306,0.030517578125,0.0,2.522992436281506e-06,0.0,0.0,2.522992436281506e-06
2011-02-02,257.29598447160413,0.006198883056640625,0.0,2.4220786260857496e-06,0.0,0.0,2.4220786260857496e-06
2011-02-03,262.3744178307886,0.415802001953125,0.0,2.3252221709444514e-06,0.0,0.0,2.3252221709444514e-06
2011-02-04,261.7305646698629,1.1935234069824219,0.0,2.232229579777332e-06,0.0,0.0,2.232229579777332e-06
2011-02-05,261.4624838173509,2.41851806640625,0.0,2.1429412080481062e-06,0.0,0.0,2.1429412080481062e-06
2011-02-06,261.1888202385641,2.0008087158203125,0.0,2.0572176784270147e-06,0.0,0.0,2.0572176784270147e-06
2011-02-07,259.9339162926674,1.2001991271972656,0.0,1.9749245460760257e-06,0.0,0.0,1.9749245460760257e-06
2011-02-08,261.4667101292985,4.090309143066406,0.0,1.8959268031846124e-06,0.0,0.0,1.8959268031846124e-06
2011-02-09,257.7040991096738,0.02765655517578125,0.0,1.82009095085919e-06,0.0,0.0,1.82009095085919e-06
2011-02-10,260.0000388831317,1.1644363403320312,0.0,1.7472884651570522e-06,0.0,0.0,1.7472884651570522e-06
2011-02-11,257.001720983697,0.087738037109375,0.0,1.6773972480552553e-06,0.0,0.0,1.6773972480552553e-06
2011-02-12,258.360552682465,0.0,0.0,1.610301126555717e-06,0.0,0.0,1.610301126555717e-06
2011-02-13,260.5244606374499,0.25653839111328125,0.0,1.5458887926849616e-06,0.0,0.0,1.5458887926849616e-06
2011-02-14,260.49331252111466,0.19598007202148438,0.0,1.4840531310642854e-06,0.0,0.0,1.4840531310642854e-06
2011-02-15,256.7520442660462,0.11658668518066406,0.0,1.4246910433911565e-06,0.0,0.0,1.4246910433911565e-06
2011-02-16,257.70420025923397,0.0019073486328125,0.0,1.3677034713610159e-06,0.0,0.0,1.3677034713610159e-06
2011-02-17,258.3974734693046,0.003337860107421875,0.0,1.3129953662844397e-06,0.0,0.0,1.3129953662844397e-06
2011-02-18,257.91785438981384,0.000476837158203125,0.0,1.2604755476245339e-06,0.0,0.0,1.2604755476245339e-06
2011-02-19,258.2643491694428,0.0,0.0,1.2100565095576943e-06,0.0,0.0,1.2100565095576943e-06
2011-02-20,258.8643772503149,0.6232261657714844,0.0,1.161654239483167e-06,0.0,0.0,1.161654239483167e-06
2011-02-21,258.6269695516236,1.7638206481933594,0.0,1.1151880695349315e-06,0.0,0.0,1.1151880695349315e-06
2011-02-22,260.15411635434793,0.03910064697265625,0.0,1.070580550330932e-06,0.0,0.0,1.070580550330932e-06
2011-02-23,258.6689447680637,0.0057220458984375,0.0,1.0277573309600751e-06,0.0,0.0,1.0277573309600751e-06
2011-02-24,259.20703198257024,2.8657913208007812,0.0,9.866470381501687e-07,0.0,0.0,9.866470381501687e-07
2011-02-25,255.34185414898738,0.08821487426757812,0.0,9.471811558776929e-07,0.0,0.0,9.471811558776929e-07
2011-02-26,255.1279952900501,0.040531158447265625,0.0,9.092939089521369e-07,0.0,0.0,9.092939089521369e-07
2011-02-27,255.46897111195332,0.12350082397460938,0.0,8.729221524075841e-07,0.0,0.0,8.729221524075841e-07
2011-02-28,255.07534385385506,0.1049041748046875,0.0,8.380052664543418e-07,0.0,0.0,8.380052664543418e-07
2011-03-01,256.4131683604407,0.0,0.0,8.044850559697784e-07,0.0,0.0,8.044850559697784e-07
2011-03-02,257.5102172062239,0.09059906005859375,0.0,7.723056537955342e-07,0.0,0.0,7.723056537955342e-07
2011-03-03,258.71068815848554,1.2793540954589844,0.0,7.414134276200648e-07,0.0,0.0,7.414134276200648e-07
2011-03-04,256.7634153894499,0.030040740966796875,0.0,7.11756890473221e-07,0.0,0.0,7.11756890473221e-07
2011-03-05,258.3154368106475,0.5741119384765625,0.0,6.832866148343112e-07,0.0,0.0,6.832866148343112e-07
2011-03-06,257.3134809449955,0.4372596740722656,0.0,6.559551502436294e-07,0.0,0.0,6.559551502436294e-07
2011-03-07,258.90687916196316,0.048160552978515625,0.0,6.297169442436677e-07,0.0,0.0,6.297169442436677e-07
2011-03-08,258.88345041300727,0.07104873657226562,0.0,6.045282664796835e-07,0.0,0.0,6.045282664796835e-07
2011-03-09,260.3399723264485,0.25844573974609375,0.0,5.803471358206464e-07,0.0,0.0,5.803471358206464e-07
2011-03-10,259.6819896720273,0.00667572021484375,0.0,5.571332503856454e-07,0.0,0.0,5.571332503856454e-07
2011-03-11,262.46998052895367,0.011920928955078125,0.0,5.348479203686423e-07,0.0,0.0,5.348479203686423e-07
2011-03-12,258.00048232220416,1.09100341796875,0.0,5.134540035536566e-07,0.0,0.0,5.134540035536566e-07
2011-03-13,254.79594193921844,0.05435943603515625,0.0,4.929158434119668e-07,0.0,0.0,4.929158434119668e-07
2011-03-14,258.2925072982502,0.0,0.0,4.7319920967590166e-07,0.0,0.0,4.7319920967590166e-07
2011-03-15,263.12250389792797,0.0591278076171875,0.0,4.5427124128897355e-07,0.0,0.0,4.5427124128897355e-07
2011-03-16,259.74044456718843,3.1518936157226562,0.0,4.361003916373263e-07,0.0,0.0,4.361003916373263e-07
2011-03-17,256.4743176109196,0.0152587890625,0.0,4.1865637597172895e-07,0.0,0.0,4.1865637597172895e-07
2011-03-18,257.72278717727244,0.12493133544921875,0.0,4.0191012093282197e-07,0.0,0.0,4.0191012093282197e-07
2011-03-19,256.76930426034295,0.37670135498046875,0.0,3.858337160955239e-07,0.0,0.0,3.858337160955239e-07
2011-03-20,254.28794336099796,0.20742416381835938,0.0,3.7040036745172827e-07,0.0,0.0,3.7040036745172827e-07
2011-03-21,254.80382848788054,0.0,0.0,3.5558435275367093e-07,0.0,0.0,3.5558435275367093e-07
2011-03-22,256.35049265146415,0.0,0.0,3.413609786435223e-07,0.0,0.0,3.413609786435223e-07
2011-03-23,257.12361050362557,0.0,0.0,3.277065394977755e-07,0.0,0.0,3.277065394977755e-07
2011-03-24,259.19266843011934,0.0,0.0,3.1459827791786107e-07,0.0,0.0,3.1459827791786107e-07
2011-03-25,261.76486704065945,0.0,0.0,3.0201434680114656e-07,0.0,0.0,3.0201434680114656e-07
2011-03-26,265.44542517615196,0.0,0.0,2.89933772929102e-07,0.0,0.0,2.89933772929102e-07
2011-03-27,265.67704066808295,0.0,0.0,2.7833642201193886e-07,0.0,0.0,2.7833642201193886e-07
2011-03-28,265.8180613989905,0.044345855712890625,0.0,2.6720296513146144e-07,0.0,0.0,2.6720296513146144e-07
2011-03-29,265.8324041757746,0.4115104675292969,0.0,2.565148465262027e-07,0.0,0.0,2.565148465262027e-07
2011-03-30,264.75093731024987,0.12493133544921875,0.0,2.462542526651544e-07,0.0,0.0,2.462542526651544e-07
2011-03-31,265.1060439643307,0.42819976806640625,0.0,2.364040825585482e-07,0.0,0.0,2.364040825585482e-07
2011-04-01,266.0330049673939,0.5960464477539062,0.0,2.269479192562063e-07,0.0,0.0,2.269479192562063e-07
2011-04-02,266.7571143884247,0.00762939453125,0.0,2.1787000248595803e-07,0.0,0.0,2.1787000248595803e-07
2011-04-03,267.1812134876365,0.5846023559570312,0.0,2.0915520238651968e-07,0.0,0.0,2.0915520238651968e-07
2011-04-04,260.84329792636737,14.935493469238281,0.0,2.0078899429105885e-07,0.0,0.0,2.0078899429105885e-07
2011-04-05,259.26495810330863,3.5033226013183594,0.0,1.9275743451941648e-07,0.0,0.0,1.9275743451941648e-07
2011-04-06,259.668793342137,0.13971328735351562,0.0,1.8504713713863983e-07,0.0,0.0,1.8504713713863983e-07
2011-04-07,259.9133106755781,0.003337860107421875,0.0,1.7764525165309426e-07,0.0,0.0,1.7764525165309426e-07
2011-04-08,261.5796379656253,0.0,0.0,1.7053944158697051e-07,0.0,0.0,1.7053944158697051e-07
2011-04-09,263.40529661254067,0.0,0.0,1.637178639234917e-07,0.0,0.0,1.637178639234917e-07
2011-04-10,264.4168409959207,0.0,0.0,1.5716914936655203e-07,0.0,0.0,1.5716914936655203e-07
2011-04-11,266.5505315011104,0.00858306884765625,0.0,1.5088238339188996e-07,0.0,0.0,1.5088238339188996e-07
2011-04-12,267.9282248348886,1.8038749694824219,0.0,1.4484708805621435e-07,0.0,0.0,1.4484708805621435e-07
2011-04-13,266.52685918546325,0.002384185791015625,0.0,1.3905320453396575e-07,0.0,0.0,1.3905320453396575e-07
2011-04-14,268.5377079659892,0.002384185791015625,0.0428634386400072,1.3349107635260714e-07,0.0,0.0,1.3349107635260714e-07
2011-04-15,269.41213579780924,0.01811981201171875,0.1395366746894593,1.2815143329850286e-07,0.0,0.0,1.2815143329850286e-07
2011-04-16,270.33746829453884,0.0,0.24183772644621734,1.2302537596656276e-07,0.0,0.0,1.2302537596656276e-07
2011-04-17,270.97955217994587,0.0,0.31282394710242345,1.1810436092790025e-07,0.0,0.0,1.1810436092790025e-07
2011-04-18,270.0422903421002,0.07677078247070312,0.2092040352091727,1.1338018649078423e-07,0.0,0.0,1.1338018649078423e-07
2011-04-19,268.91994490144265,1.8353462219238281,0.08512202207392702,1.0884497903115286e-07,0.0,0.0,1.0884497903115286e-07
2011-04-20,268.9353424319474,0.40149688720703125,0.0868243113274214,1.0449117986990675e-07,0.0,0.0,1.0449117986990675e-07
2011-04-21,269.2668449714736,2.3527145385742188,0.12347390331022098,1.0031153267511047e-07,0.0,0.0,1.0031153267511047e-07
2011-04-22,268.74444037519885,0.3256797790527344,0.06571894514075101,9.629907136810605e-08,0.0,0.0,9.629907136810605e-08
2011-04-23,269.05100413435616,0.00286102294921875,0.09961140553000646,9.24471085133818e-08,0.0,0.0,9.24471085133818e-08
2011-04-24,271.0049889424949,0.24652481079101562,0.3156361336097045,8.874922417284652e-08,0.0,0.0,8.874922417284652e-08
2011-04-25,273.17300539870115,0.4773139953613281,0.5553233427801745,8.568214461288394e-08,0.0,1.7379638582118075,1.7379639438939523
2011-04-26,274.2089335822797,0.7410049438476562,0.6698514103657267,1.3122356504435343e-05,0.0,6.022292449053711,6.022305571410215
2011-04-27,273.5718691878053,0.7781982421875,0.5994201245070188,0.0001637180844727731,0.0,3.1259428681018457,3.1261065861863186
2011-04-28,270.63281063102636,2.888202667236328,0.2744895913247952,0.0006328690354034861,0.0,0.0,0.0006328690354034861
2011-04-29,270.3426873223077,0.9121894836425781,0.2424147212365122,0.0012915795682505332,0.0,0.0,0.0012915795682505332
2011-04-30,270.0788945573166,14.042377471923828,0.21325085051999212,0.0017388028910242232,0.0,0.0,0.0017388028910242232
2011-05-01,268.0178894477253,7.1163177490234375,0.0,0.0018029541737593197,0.0,0.0,0.0018029541737593197
2011-05-02,267.1180645884587,0.08392333984375,0.0,0.001641809072923966,0.0,0.0,0.001641809072923966
2011-05-03,270.5984433561416,0.0,0.2706900831705384,0.00146514527716195,0.0,0.0,0.00146514527716195
2011-05-04,271.9259324581382,0.02765655517578125,0.41745195721025674,0.0013653920562865208,0.0,0.019569783528653288,0.02093517558493981
2011-05-05,272.1609609280072,0.659942626953125,0.4434357627562183,0.001326267177748691,0.0,0.09247671030082141,0.09380297747857011
2011-05-06,272.87738642586555,2.0279884338378906,0.5226408940958163,0.0013003845078531251,0.0,0.9924218480727734,0.9937222325806265
2011-05-07,271.55860537904834,0.18072128295898438,0.3768417477315624,0.0012612194937315078,0.0,0.0,0.0012612194937315078
2011-05-08,270.25080875173506,3.3516883850097656,0.23225699475796627,0.001208994339639815,0.0,0.0,0.001208994339639815
2011-05-09,268.8277661214158,2.0427703857421875,0.07493110564147479,0.0011543120620757042,0.0,0.0,0.0011543120620757042
2011-05-10,268.5940325806843,0.7839202880859375,0.04909046227039556,0.0011044307856602103,0.0,0.0,0.0011044307856602103
2011-05-11,269.87713426433055,2.6350021362304688,0.1909450412588121,0.0010601671203718534,0.0,0.0,0.0010601671203718534
2011-05-12,271.366816484441,0.5049705505371094,0.3556383363060052,0.0010191675733723683,0.0,0.0,0.0010191675733723683
2011-05-13,270.9054504342685,5.973339080810547,0.30463155512808177,0.0009794170203625782,0.0,0.0,0.0009794170203625782
2011-05-14,272.2352354636345,0.18072128295898438,0.4516472576948184,0.0009403926924287874,0.0,0.13130389464137687,0.13224428733380567
2011-05-15,273.60052124040675,1.4257431030273438,0.6025877805944005,0.000990235862145696,0.0,3.2409132771212428,3.2419035129833884
2011-05-16,274.3929768618961,1.0972023010253906,0.6901984976452321,0.0015844300953835838,0.0,6.96806377096749,6.969648201062873
2011-05-17,273.0569591730919,8.112430572509766,0.54249373723386,0.0032036547848745493,0.0,1.415295352711506,1.4184990074963806
2011-05-18,272.04370722045707,1.1034011840820312,0.43047266284655833,0.0052864406897124155,0.0,0.04778190164006453,0.053068342329776946
2011-05-19,270.04174634122154,8.679389953613281,0.20914389265258695,0.006583147112899032,0.0,0.0,0.006583147112899032
2011-05-20,269.89778520538937,8.217334747314453,0.1932281265255141,0.006666573285576203,0.0,0.0,0.006666573285576203
2011-05-21,269.1153022726772,6.66046142578125,0.10671994997158804,0.006090469984026252,0.0,0.0,0.006090469984026252
2011-05-22,266.5228475288137,0.01049041748046875,0.0,0.005505858003042016,0.0,0.0,0.005505858003042016
2011-05-23,268.23490475094286,0.118255615234375,0.009386728933978773,0.005173354644605362,0.0,0.0,0.005173354644605362
2011-05-24,269.72997735189017,0.0,0.17467596287981374,0.005023865029894435,0.0,0.0,0.005023865029894435
2011-05-25,271.761426293491,0.6046295166015625,0.3992648150496182,0.004907651036850688,0.0,0.0028353427064186747,0.007742993743269363
2011-05-26,273.0918132871773,0.514984130859375,0.546347068378702,0.004747813578425706,0.0,1.508135698505487,1.5128835120839128
2011-05-27,271.77558975514756,1.4805793762207031,0.40083067059787003,0.004549838136343791,0.0,0.0034682712928940204,0.008018109429237811
2011-05-28,271.14403872879893,0.9737014770507812,0.33100892061948883,0.004347793369350554,0.0,0.0,0.004347793369350554
2011-05-29,272.5625318130703,0.2589225769042969,0.4878318301612166,0.004163080645136039,0.0,0.4442194447237197,0.44838252536885576
2011-05-30,273.7973346924622,0.9307861328125,0.6243466869510993,0.004099508477490478,0.0,4.067443564919964,4.0715430733974545
2011-05-31,274.16270689731493,2.7008056640625,0.66474077337001,0.004692162494506954,0.0,5.792738056257678,5.797430218752185
2011-06-01,272.8463244972645,4.456520080566406,0.5192068117776102,0.006517879038766583,0.7698247698247698,0.9294650279766241,0.9359829070153907
2011-06-02,273.07054478070825,2.574920654296875,0.5439957075556824,0.00891041452041165,1.7449361449361451,1.4596023659370954,1.468512780457507
2011-06-03,272.41973116607005,8.508682250976562,0.47204436302772634,0.01036894764586326,1.2573804573804577,0.27250450942100063,0.2828734570668639
2011-06-04,273.73229091899265,0.3943443298339844,0.6171557080762844,0.010694719890317709,1.2573804573804577,3.81386178790042,3.8245565077907377
2011-06-05,273.9578052622869,2.7403831481933594,0.6420876699243503,0.012358488175845624,1.2573804573804577,4.8743433906966604,4.886701878872506
2011-06-06,274.2095967618771,1.3456344604492188,0.6699247288437393,0.01985850875163401,1.2573804573804577,6.16725473666848,6.187113245420114
2011-06-07,273.2711519026321,5.063056945800781,0.5661740268465717,0.03628515845499364,0.7698247698247698,2.1363449351823123,2.1726300936373057
2011-06-08,273.26731743064795,3.4079551696777344,0.5657501029940158,0.05981060035968554,0.7698247698247698,2.146225197431273,2.2060357977909586
2011-06-09,273.2340658863903,4.476070404052734,0.5620739455456195,0.08532227833027249,1.2573804573804577,2.0387042925771284,2.1240265709074007
2011-06-10,273.1205889271567,4.505157470703125,0.5495283877912074,0.1077899579667489,1.2573804573804577,1.6920177014068667,1.7998076593736156
2011-06-11,274.9221824569789,0.3285408020019531,0.7487053469819513,0.12622602347374462,0.7698247698247698,10.226388266170678,10.352614289644423
2011-06-12,276.48457096585736,0.80108642578125,0.9214367578811076,0.15753834732082658,3.361568161568161,19.553280186154115,19.710818533474942
2011-06-13,275.86378319890144,3.421783447265625,0.8528049507179819,0.23922332642985758,14.908939708939707,16.311187699049412,16.55041102547927
2011-06-14,275.1214682891673,10.773658752441406,0.7707375897759209,0.4027056467460511,11.496049896049895,12.043273804420851,12.445979451166902
2011-06-15,273.8839166671007,5.667209625244141,0.6339188430139241,0.6395259904141527,6.3125631125631125,5.110823215916641,5.750349206330793
2011-06-16,274.09851392483273,7.808685302734375,0.6576438556420238,0.8949919122325876,7.56994356994357,6.265526379428501,7.160518291661089
2011-06-17,273.79700181463176,7.158756256103516,0.6243098853124668,1.1164633298991669,6.3125631125631125,4.648195194044567,5.7646585239437345
2011-06-18,273.748012182242,10.302543640136719,0.6188937879243809,1.3013993663458943,6.928422928422928,4.320908651843567,5.622308018189461
2011-06-19,273.5436126074338,9.923458099365234,0.5962961902441741,1.4821429520171217,6.3125631125631125,3.302898361963836,4.785041313980958
2011-06-20,273.6239003668805,5.436897277832031,0.6051724831049804,1.6756953334500615,6.3125631125631125,3.829207404578007,5.504902738028068
2011-06-21,274.34232930723766,1.2149810791015625,0.6845991070166975,1.858511476878192,5.696703296703298,7.753762074539486,9.612273551417678
2011-06-22,274.59420244008413,1.2984275817871094,0.7124451909816847,2.002376659256355,5.696703296703298,9.254783212034946,11.2571598712913
2011-06-23,273.68819004999256,1.4142990112304688,0.6122800927725515,2.1023275447086576,5.696703296703298,4.304959320875564,6.407286865584221
2011-06-24,274.52608107062565,1.1830329895019531,0.704913965430498,2.145950774811279,7.56994356994357,8.933418914158626,11.079369688969905
2011-06-25,276.75761298305,0.09918212890625001,0.9516231888465371,2.1129068698744415,10.161686961686963,22.976706276147745,25.089613146022188
2011-06-26,276.827865703443,1.2159347534179688,0.9593900480137858,2.015070447823417,11.496049896049895,23.725901440325885,25.740971888149303
2011-06-27,274.03939121558693,7.1563720703125,0.651107485893927,1.9067456126736904,5.696703296703298,6.136147124370857,8.042892737044546
2011-06-28,274.6041481129013,0.44345855712890625,0.7135447447023459,1.8454953668454368,8.211464211464211,9.722007776925295,11.567503143770733
2011-06-29,273.86443612358306,8.1024169921875,0.6317651522079778,1.842240248604272,6.928422928422928,5.056959829931771,6.899200078536043
2011-06-30,273.5359457908998,6.130218505859375,0.595448577739671,1.8803910830655122,6.928422928422928,3.4004078051113975,5.28079888817691
2011-07-01,274.4150697761481,4.897117614746094,0.6926410016881968,1.9476844452256452,7.56994356994357,8.486255301845274,10.43393974707092
2011-07-02,272.5176902038357,13.52548599243164,0.482874321586323,2.0109685247493,6.928422928422928,0.3874436756209344,2.3984122003702346
2011-07-03,271.66558650244593,8.265972137451172,0.3886691519137058,2.017117199278553,4.516305316305317,8.032974542449185e-05,2.0171975290239774
2011-07-04,273.701925871671,0.1049041748046875,0.6137986701589654,1.9463865906383069,6.928422928422928,3.6595901139235862,5.605976704561893
2011-07-05,275.11325548712904,0.2751350402832031,0.7698296153025793,1.8560272302264733,8.852984852984852,11.302425659364044,13.158452889590517
2011-07-06,274.931556440706,4.355907440185547,0.7497416970483602,1.8467051644469348,6.3125631125631125,11.50286968499437,13.349574849441304
2011-07-07,274.66068549894,3.7512779235839844,0.7197952914796114,1.948744258713611,7.56994356994357,10.121569911631799,12.070314170345409
2011-07-08,273.87371588099387,3.7298202514648438,0.632791084990549,2.081408803675831,6.3125631125631125,5.3323704943450085,7.41377929802084
2011-07-09,274.72084479643155,1.3394355773925781,0.7264462622691237,2.151508675513773,6.928422928422928,10.54250833788456,12.694017013398332
2011-07-10,274.7414046198395,5.307197570800781,0.7287192739335796,2.1412521706600574,6.3125631125631125,10.675301862586824,12.81655403324688
2011-07-11,275.81646751908545,0.7290840148925781,0.8475739188166169,2.0943317943162203,8.852984852984852,17.758978129155345,19.853309923471564
2011-07-12,276.6697182865459,0.3223419189453125,0.9419059035161372,2.043110359188314,11.496049896049895,23.583424764004196,25.62653512319251
2011-07-13,278.100142626077,0.0896453857421875,1.100047884814412,1.9779036864093087,15.627442827442827,33.386514264058206,35.36441795046751
2011-07-14,277.75352660288394,1.0867118835449219,1.0617274066579452,1.8885014848700779,17.038788238788246,31.434101278998643,33.32260276386872
2011-07-15,276.3488986984739,5.862236022949219,0.9064373758248104,1.8004022991974387,15.627442827442827,22.00746157784386,23.8078638770413
2011-07-16,275.0108962034746,5.433082580566406,0.7585131831963617,1.7634592597144083,13.523255123255124,12.85297477099834,14.61643403071275
2011-07-17,275.61684695181424,3.662586212158203,0.8255046690536388,1.798822284735176,16.32028512028512,17.06032922845263,18.859151513187808
2011-07-18,276.0890410684531,4.895687103271484,0.8777085578571115,1.872157150460012,17.75729135729136,20.377054958620754,22.249212109080766
2011-07-19,276.9974196637958,1.903533935546875,0.9781352542341656,1.933843181293098,19.19429759429759,26.75610418425399,28.689947365547088
2011-07-20,277.16355324168904,1.4142990112304688,0.9965023166799971,1.953072410768079,17.75729135729136,28.037136994079173,29.990209404847253
2011-07-21,276.09399060465955,3.314971923828125,0.8782557587404859,1.9265584843210426,27.38010098010097,20.68873958167208,22.615298065993123
2011-07-22,276.2258961337145,0.22268295288085938,0.8928387053056894,1.876384299346494,21.375467775467765,21.69471379141825,23.571098090764742
2011-07-23,277.52303748345355,0.3871917724609375,1.0362454535010486,1.8181925132956243,21.375467775467765,30.96657823152312,32.78477074481874
2011-07-24,277.29861597228245,2.7627944946289062,1.0114343107920363,1.7529324315591832,23.60795960795961,29.486305349699307,31.239237781258492
2011-07-25,277.39582609195594,0.7653236389160156,1.022181471968312,1.6904467796619915,21.375467775467765,30.275918410313782,31.966365189975775
2011-07-26,275.0013930205467,5.5637359619140625,0.7574625493841932,1.6486436113470688,12.163231363231366,13.007815065257889,14.656458676604958
2011-07-27,273.45802677215187,1.1229515075683594,0.586834163355716,1.6388769612543619,9.494505494505496,3.359908575483136,4.998785536737498
2011-07-28,274.79263995320235,1.1119842529296875,0.7343836470196355,1.646326293270853,11.496049896049895,11.602684788296987,13.24901108156784
2011-07-29,275.3514901754031,3.299713134765625,0.7961678875036726,1.640424174087882,15.627442827442827,15.610632413640197,17.25105658772808
2011-07-30,276.0139008367705,4.043102264404297,0.8694013550326724,1.6221020771174115,16.32028512028512,20.444076498833578,22.06617857595099
2011-07-31,276.38473709199906,4.062175750732422,0.9103995249591558,1.6210623819772239,19.19429759429759,23.162362525864804,24.78342490784203
2011-08-01,275.57589491292407,3.2172203063964844,0.8209771757851599,1.6500204709499582,17.75729135729136,17.296306230504456,18.946326701454414
2011-08-02,274.6686617637933,6.2389373779296875,0.7206771153499155,1.6986556054007544,15.627442827442827,10.546981675972079,12.245637281372833
2011-08-03,274.97178614019657,1.0876655578613281,0.754189331368228,1.75284351603688,13.523255123255124,12.946574381082673,14.699417897119552
2011-08-04,276.15343687013325,0.3399848937988281,0.8848278995682035,1.7854086371248417,18.47579447579448,21.51757496513344,23.302983602258283
2011-08-05,277.08886654243327,0.5025863647460938,0.9882452545827393,1.7637461764825855,17.75729135729136,28.309377855010975,30.07312403149356
2011-08-06,276.66002723250284,0.052928924560546875,0.9408344994265364,1.6881627151386447,19.19429759429759,25.220321321399304,26.90848403653795
2011-08-07,277.4821459188758,0.25272369384765625,1.0317246460301472,1.5889841747341107,20.656964656964657,31.227168189185427,32.816152363919535
2011-08-08,277.0194927556902,2.0432472229003906,0.9805755667967276,1.4976361797198254,14.908939708939707,27.88487385936512,29.382510039084945
2011-08-09,274.9974191038587,6.323337554931641,0.7570232090841267,1.4453204629103023,6.3125631125631125,12.960145707100837,14.40546617001114
2011-08-10,274.6609638004794,5.0029754638671875,0.7198260593822726,1.4617984413290954,4.516305316305317,10.55513478304422,12.016933224373316
2011-08-11,273.3383919187839,8.713245391845703,0.5736078135089683,1.5534346408600515,2.797029997029997,2.435686754774779,3.9891213956348306
2011-08-12,273.50937602716016,7.380485534667969,0.5925111311622505,1.7020719608021162,2.797029997029997,3.2020322039335283,4.904104164735644
2011-08-13,274.206429226358,4.197597503662109,0.6695745388134267,1.8722617988840984,3.9261063261063254,6.98778525932289,8.860047058206987
2011-08-14,273.4609953931727,6.426334381103516,0.5871623621964275,2.0180112237015506,3.361568161568161,3.034203436369148,5.052214660070699
2011-08-15,274.6997255787453,0.7472038269042969,0.7241114062155224,2.109077130399563,5.1065043065043065,10.180512197640082,12.289589328039645
2011-08-16,275.3187869291068,2.635955810546875,0.7925523476800991,2.1357434319355826,8.211464211464211,14.500710029386378,16.63645346132196
2011-08-17,275.2574488945882,1.7099380493164062,0.7857710604497008,2.106233547696696,9.494505494505496,14.508185899823497,16.61441944752019
2011-08-18,274.967897911135,5.789756774902344,0.7537594643486722,2.058288042235793,9.494505494505496,12.652701702406253,14.710989744642045
2011-08-19,274.7927368417629,6.23774528503418,0.7343943586305255,2.0466436055207615,10.161686961686963,11.433757026647323,13.480400632168084
2011-08-20,275.8035960338419,1.385688781738281,0.8461508990018608,2.0924053997136975,10.803207603207602,18.7759139370443,20.868319336758
2011-08-21,275.43070253311697,0.3032684326171875,0.8049252882595094,2.145209666338883,10.803207603207602,16.204459137221306,18.34966880356019
2011-08-22,273.45503204323853,7.699489593505859,0.5865030781310607,2.1517705039406363,8.211464211464211,2.9594033070395662,5.111173810980203
2011-08-23,274.11203623401076,0.46825408935546875,0.6591388279422311,2.1326310151413805,12.163231363231366,6.678367118976005,8.810998134117385
2011-08-24,276.32876289481675,0.7014274597167969,0.9042112420843745,2.115546652135813,14.216097416097414,22.192739766658853,24.308286418794665
2011-08-25,276.72340268295534,4.210472106933594,0.947841035195855,2.0870454937863574,15.627442827442827,25.65298192176163,27.740027415547985
2011-08-26,276.2259643347271,1.9135475158691406,0.8928462453362666,2.0490159778368926,17.75729135729136,22.09669370734806,24.14570968518495
2011-08-27,275.2985500665225,7.533550262451172,0.7903150412697588,2.0320308752081733,16.32028512028512,15.187246642965953,17.219277518174124
2011-08-28,272.237654789844,13.844490051269531,0.4519147287029647,2.053481467105655,8.852984852984852,0.1327109584434382,2.1861924255490934
2011-08-29,272.4190875279011,10.844230651855469,0.4719732049717147,2.078846855212924,8.852984852984852,0.2718155302159968,2.3506623854289206
2011-08-30,271.805007537981,1.9330978393554688,0.404082982750365,2.0479254660240707,8.211464211464211,0.005007855583641739,2.0529333216077124
2011-08-31,272.9783588344065,2.7742385864257812,0.5338039988486042,1.9489775093751698,8.211464211464211,1.2177451979693783,3.1667227073445483
2011-09-01,273.55563287630173,5.695343017578125,0.597625102988444,1.8344811650874246,6.3125631125631125,3.07596248018455,4.910443645271974
2011-09-02,273.79200972993607,0.5559921264648438,0.6237579804386701,1.7781526607746616,3.9261063261063254,4.162097939895628,5.940250600670289
2011-09-03,274.3235979835505,4.078865051269531,0.6825282469520537,1.8243624156113558,3.361568161568161,6.972077814955963,8.796440230567319
2011-09-04,273.88735929550654,1.0437965393066406,0.6342994462111186,1.9665522834908566,3.361568161568161,5.024334443319122,6.990886726809979
2011-09-05,273.30671922559515,4.802227020263672,0.570106207506122,2.148917615344903,3.361568161568161,2.432591753101186,4.581509368446088
2011-09-06,273.25564743154814,0.3132820129394531,0.564459914671299,2.290632828192538,3.361568161568161,2.430392202248114,4.721025030440652
2011-09-07,274.0046595483131,0.12540817260742188,0.6472676919777548,2.343878334046076,3.361568161568161,5.900808161151553,8.244686495197628
2011-09-08,273.60599824846366,0.6785392761230469,0.6031932966512589,2.3251222462012575,2.797029997029997,3.9631070322619735,6.2882292784632305
2011-09-09,274.0298372848699,0.8983612060546875,0.6500512416096129,2.272904264514708,3.361568161568161,6.173409325465003,8.446313589979711
2011-09-10,273.1005238056504,6.443977355957031,0.5473100683860501,2.200551251368493,2.2581526581526585,1.6400852856964994,3.8406365370649924
2011-09-11,272.4332488977297,0.3533363342285156,0.4735388292558498,2.106524292684075,2.2581526581526585,0.3569873495277686,2.4635116422118437
2011-09-12,272.6803314367971,0.4100799560546875,0.5008552843751273,1.9960378502135232,2.797029997029997,0.7702925604052319,2.766330410618755
2011-09-13,272.3485670088829,1.9545555114746094,0.4641767390619015,1.881051234576681,2.797029997029997,0.22417354024264444,2.1052247748193254
2011-09-14,271.96470948402845,2.2344589233398438,0.4217389897597344,1.7720670531034919,2.797029997029997,0.02669884805118794,1.7987659011546797
2011-09-15,271.59287928880127,2.3946762084960938,0.3806309338110881,1.6726448208543545,2.2581526581526585,0.0,1.6726448208543545
2011-09-16,271.27853771694595,2.3131370544433594,0.34587858962634765,1.5819170269509326,2.2581526581526585,0.0,1.5819170269509326
2011-09-17,271.24106188578645,1.1191368103027344,0.3417354119506202,1.5000100638927445,1.2573804573804577,0.0,1.5000100638927445
2011-09-18,270.74069192078514,0.5917549133300781,0.2864165142916256,1.4289837262880005,0.0,0.0,1.4289837262880005
2011-09-19,271.34671031169137,0.042438507080078125,0.3534154784399281,1.368731094867872,0.0,0.0,1.368731094867872
2011-09-20,271.4639133230964,1.4185905456542969,0.36637297358699095,1.3154434907871169,0.0,0.0,1.3154434907871169
2011-09-21,270.8228582141838,3.0050277709960938,0.29550049033628395,1.2648707188856045,0.0,0.0,1.2648707188856045
2011-09-22,270.7878899805732,3.3125877380371094,0.2916345425941675,1.2150713219340008,0.0,0.0,1.2150713219340008
2011-09-23,270.60472747697867,0.00667572021484375,0.27138483038115624,1.1662001511786972,0.0,0.0,1.1662001511786972
2011-09-24,271.2401999803881,3.05938720703125,0.34164012314462344,1.1190463569278757,0.0,0.0,1.1190463569278757
2011-09-25,270.82438515761487,0.7610321044921875,0.2956693030814599,1.074036685849224,0.0,0.0,1.074036685849224
2011-09-26,269.21901261751583,0.194549560546875,0.11818574998676894,1.0311021302502021,0.0,0.0,1.0311021302502021
2011-09-27,268.98504960330564,0.5731582641601562,0.09231973694769804,0.9899748027814897,0.0,0.0,0.9899748027814897
2011-09-28,269.2439949101901,0.3323554992675781,0.12094769212638551,0.9504466200966408,0.0,0.0,0.9504466200966408
2011-09-29,269.97142223952864,2.4619102478027344,0.20136914185494406,0.9124319664970324,0.0,0.0,0.9124319664970324
2011-09-30,269.98627984967607,4.422187805175781,0.20301173967793848,0.8759089107659438,0.0,0.0,0.8759089107659438
2011-10-01,269.910289989919,0.5064010620117188,0.19461060537921965,0.8408532953804062,0.0,0.0,0.8408532953804062
2011-10-02,269.3986491481065,0.09489059448242188,0.13804564475789996,0.8072159229598294,0.0,0.0,0.8072159229598294
2011-10-03,270.6946532816506,0.0,0.2813266668891387,0.7749326446390199,0.0,0.0,0.7749326446390199
2011-10-04,271.5079664784884,0.030040740966796875,0.3712433138654698,0.7439403604203936,0.0,0.0,0.7439403604203936
2011-10-05,271.7489272695474,0.0,0.3978829730632125,0.7141841300159897,0.0,0.002276655608532645,0.7164607856245223
2011-10-06,271.5491491741142,0.5960464477539062,0.3757963076180769,0.685615743782525,0.0,0.0,0.685615743782525
2011-10-07,270.6024125927082,0.4324913024902344,0.27112890605514484,0.6581898539234232,0.0,0.0,0.6581898539234232
2011-10-08,270.4716812080578,0.8625984191894531,0.2566757681888956,0.6318617844076768,0.0,0.0,0.6318617844076768
2011-10-09,268.79737642538873,14.430522918701172,0.07157134266208899,0.606587479887039,0.0,0.0,0.606587479887039
2011-10-10,262.8090863190231,2.559661865234375,0.0,0.5823242852094949,0.0,0.0,0.5823242852094949
2011-10-11,263.12324480108674,1.110076904296875,0.0,0.5590314602847374,0.0,0.0,0.5590314602847374
2011-10-12,261.91240090812687,0.003337860107421875,0.0,0.5366701836082058,0.0,0.0,0.5366701836082058
2011-10-13,264.91028992254326,0.0,0.0,0.5152033055600412,0.0,0.0,0.5152033055600412
2011-10-14,265.6438270439656,0.0,0.0,0.4945951312251498,0.0,0.0,0.4945951312251498
2011-10-15,264.0038363338577,0.004291534423828125,0.0,0.4748113245635167,0.0,0.0,0.4748113245635167
2011-10-16,265.0222423572746,0.0,0.0,0.45581888725747327,0.0,0.0,0.45581888725747327
2011-10-17,264.3308460128547,0.001430511474609375,0.0,0.4375861432656341,0.0,0.0,0.4375861432656341
2011-10-18,264.0503390125075,0.0095367431640625,0.0,0.4200826993564057,0.0,0.0,0.4200826993564057
2011-10-19,264.2067416834775,0.0457763671875,0.0,0.40327938810368325,0.0,0.0,0.40327938810368325
2011-10-20,265.15419687469574,0.31948089599609375,0.0,0.3871482095710663,0.0,0.0,0.3871482095710663
2011-10-21,265.0896250283853,5.526065826416016,0.0,0.37166228038598315,0.0,0.0,0.37166228038598315
2011-10-22,261.45500360350127,1.5063285827636719,0.0,0.35679578980105014,0.0,0.0,0.35679578980105014
2011-10-23,259.2720847457128,0.026702880859375,0.0,0.34252395896640997,0.0,0.0,0.34252395896640997
2011-10-24,259.12696802443423,0.02384185791015625,0.0,0.3288230008868249,0.0,0.0,0.3288230008868249
2011-10-25,260.6697275620604,0.00667572021484375,0.0,0.315670080746422,0.0,0.0,0.315670080746422
2011-10-26,262.18722316564794,0.010967254638671875,0.0,0.30304327733292413,0.0,0.0,0.30304327733292413
2011-10-27,260.8745633936698,0.01049041748046875,0.0,0.29092154615297355,0.0,0.0,0.29092154615297355
2011-10-28,264.23727764023806,0.10538101196289062,0.0,0.2792846843190586,0.0,0.0,0.2792846843190586
2011-10-29,263.7040106121446,1.4743804931640625,0.0,0.2681132969890902,0.0,0.0,0.2681132969890902
2011-10-30,261.8899462559672,1.9507408142089844,0.0,0.2573887651345608,0.0,0.0,0.2573887651345608
2011-10-31,258.78337723574833,0.001430511474609375,0.0,0.2470932145297162,0.0,0.0,0.2470932145297162
2011-11-01,261.3838460728411,0.013828277587890623,0.0,0.23720948593899777,0.0,0.0,0.23720948593899777
2011-11-02,261.6184272491929,0.46825408935546875,0.0,0.2277211064945749,0.0,0.0,0.2277211064945749
2011-11-03,259.062746849397,0.026226043701171875,0.0,0.2186122622337733,0.0,0.0,0.2186122622337733
2011-11-04,259.30314997016643,0.046253204345703125,0.0,0.20986777174642696,0.0,0.0,0.20986777174642696
2011-11-05,257.32440478245667,0.025510787963867188,0.0,0.20147306087837177,0.0,0.0,0.20147306087837177
2011-11-06,258.0488343689366,0.013828277587890625,0.0,0.19341413844370117,0.0,0.0,0.19341413844370117
2011-11-07,259.6290930017269,0.005245208740234375,0.0,0.1856775729055642,0.0,0.0,0.1856775729055642
2011-11-08,264.44681593790244,0.0,0.0,0.1782504699888865,0.0,0.0,0.1782504699888865
2011-11-09,263.409347729779,0.080108642578125,0.0,0.17112045118916733,0.0,0.0,0.17112045118916733
2011-11-10,260.99647837786154,0.12111663818359375,0.0,0.16427563314166652,0.0,0.0,0.16427563314166652
2011-11-11,258.8209062284615,0.026226043701171875,0.0,0.1577046078161106,0.0,0.0,0.1577046078161106
2011-11-12,259.17021800737933,0.008106231689453125,0.0,0.15139642350351737,0.0,0.0,0.15139642350351737
2011-11-13,259.7604948005399,0.006198883056640625,0.0,0.14534056656336858,0.0,0.0,0.14534056656336858
2011-11-14,260.240011956175,0.008106231689453125,0.0,0.13952694390080791,0.0,0.0,0.13952694390080791
2011-11-15,261.87256606890963,3.3278465270996094,0.0,0.13394586614476073,0.0,0.0,0.13394586614476073
2011-11-16,258.15547831328496,0.4444122314453125,0.0,0.12858803149897016,0.0,0.0,0.12858803149897016
2011-11-17,256.91456005430416,0.031948089599609375,0.0,0.12344451023901715,0.0,0.0,0.12344451023901715
2011-11-18,258.36971578612975,0.0133514404296875,0.0,0.11850672982946056,0.0,0.0,0.11850672982946056
2011-11-19,259.0351361980732,0.023365020751953125,0.0,0.11376646063628269,0.0,0.0,0.11376646063628269
2011-11-20,259.40434968180335,0.1010894775390625,0.0,0.10921580221083015,0.0,0.0,0.10921580221083015
2011-11-21,258.3124994804571,0.015735626220703125,0.0,0.10484717012239585,0.0,0.0,0.10484717012239585
2011-11-22,264.1095887590755,0.0,0.0,0.10065328331749976,0.0,0.0,0.10065328331749976
2011-11-23,263.03867554050015,0.00858306884765625,0.0,0.09662715198480003,0.0,0.0,0.09662715198480003
2011-11-24,264.6881160720705,0.0,0.0,0.0927620659054083,0.0,0.0,0.0927620659054083
2011-11-25,261.8801823283689,0.16927719116210938,0.0,0.08905158326919205,0.0,0.0,0.08905158326919205
2011-11-26,261.0401667525751,0.01621246337890625,0.0,0.08548951993842431,0.0,0.0,0.08548951993842431
2011-11-27,261.7105861786039,0.2808570861816406,0.0,0.08206993914088727,0.0,0.0,0.08206993914088727
2011-11-28,261.9418188579031,0.8015632629394531,0.0,0.07878714157525175,0.0,0.0,0.07878714157525175
2011-11-29,260.0655542625471,0.057697296142578125,0.0,0.0756356559122417,0.0,0.0,0.0756356559122417
2011-11-30,258.19298735698084,0.037670135498046875,0.0,0.07261022967575204,0.0,0.0,0.07261022967575204
2011-12-01,260.794740648512,0.004291534423828125,0.0,0.06970582048872195,0.0,0.0,0.06970582048872195
2011-12-02,264.24132880391403,0.0400543212890625,0.0,0.06691758766917308,0.0,0.0,0.06691758766917308
2011-12-03,261.93712915944684,0.5812644958496094,0.0,0.06424088416240616,0.0,0.0,0.06424088416240616
2011-12-04,257.2096532623912,0.028133392333984375,0.0,0.06167124879590991,0.0,0.0,0.06167124879590991
2011-12-05,255.67174875867477,0.06008148193359375,0.0,0.05920439884407352,0.0,0.0,0.05920439884407352
2011-12-06,254.3700545035737,0.05054473876953125,0.0,0.05683622289031057,0.0,0.0,0.05683622289031057
2011-12-07,256.9632068536014,0.0,0.0,0.05456277397469814,0.0,0.0,0.05456277397469814
2011-12-08,257.7720058266746,0.005245208740234375,0.0,0.05238026301571022,0.0,0.0,0.05238026301571022
2011-12-09,257.27265521876865,0.00286102294921875,0.0,0.05028505249508182,0.0,0.0,0.05028505249508182
2011-12-10,257.28935555251377,0.0171661376953125,0.0,0.04827365039527854,0.0,0.0,0.04827365039527854
2011-12-11,255.64703655191252,0.021457672119140625,0.0,0.046342704379467387,0.0,0.0,0.046342704379467387
2011-12-12,255.2452144030852,0.013828277587890625,0.0,0.044488996204288686,0.0,0.0,0.044488996204288686
2011-12-13,257.33535575718156,0.4906654357910156,0.0,0.04270943635611714,0.0,0.0,0.04270943635611714
2011-12-14,255.36701340834517,0.1220703125,0.0,0.041001058901872466,0.0,0.0,0.041001058901872466
2011-12-15,254.95721267463693,0.013828277587890625,0.0,0.03936101654579757,0.0,0.0,0.03936101654579757
2011-12-16,252.9865064230382,0.06008148193359375,0.0,0.03778657588396567,0.0,0.0,0.03778657588396567
2011-12-17,252.2830015763507,0.0286102294921875,0.0,0.03627511284860703,0.0,0.0,0.03627511284860703
2011-12-18,254.3246003958427,0.005245208740234375,0.0,0.03482410833466275,0.0,0.0,0.03482410833466275
2011-12-19,255.6120602871117,0.06628036499023438,0.0,0.03343114400127624,0.0,0.0,0.03343114400127624
2011-12-20,255.94652388315035,0.3275871276855469,0.0,0.032093898241225195,0.0,0.0,0.032093898241225195
2011-12-21,254.59168982126243,0.0,0.0,0.030810142311576194,0.0,0.0,0.030810142311576194
2011-12-22,254.80984254388613,0.0,0.0,0.029577736619113143,0.0,0.0,0.029577736619113143
2011-12-23,254.43610692253785,0.0,0.0,0.028394627154348616,0.0,0.0,0.028394627154348616
2011-12-24,254.32043906806598,0.0,0.0,0.02725884206817467,0.0,0.0,0.02725884206817467
2011-12-25,254.64244551517118,0.0,0.0,0.026168488385447684,0.0,0.0,0.026168488385447684
2011-12-26,256.121561761009,0.0,0.0,0.02512174885002978,0.0,0.0,0.02512174885002978
2011-12-27,258.1091464084139,0.07867813110351562,0.0,0.024116878896028586,0.0,0.0,0.024116878896028586
2011-12-28,257.85136560735276,0.002384185791015625,0.0,0.023152203740187442,0.0,0.0,0.023152203740187442
2011-12-29,257.5867164727985,0.0667572021484375,0.0,0.022226115590579944,0.0,0.0,0.022226115590579944
2011-12-30,256.88976551899907,0.008106231689453125,0.0,0.02133707096695674,0.0,0.0,0.02133707096695674
2011-12-31,255.70850632588295,0.15687942504882812,0.0,0.020483588128278468,0.0,0.0,0.020483588128278468
