time,t2m
2007-08-10,289.2
2007-08-11,286.1083333333333
2007-08-12,280.49583333333334
2007-08-13,280.9083333333333
2007-08-14,283.32916666666665
2007-08-15,279.2375
2007-08-16,278.6375
2007-08-17,279.4
2007-08-18,280.5208333333333
2007-08-19,282.34999999999997
2007-08-20,283.9291666666666
2007-08-21,280.2125
2007-08-22,280.1791666666666
2007-08-23,282.775
2007-08-24,283.37083333333334
2007-08-25,283.3458333333333
2007-08-26,282.825
2007-08-27,281.1041666666667
2007-08-28,282.3041666666666
2007-08-29,282.79166666666663
2007-08-30,283.26666666666665
2007-08-31,282.69166666666666
2007-09-01,283.0958333333333
2007-09-02,285.20416666666665
2007-09-03,280.9833333333333
2007-09-04,281.56666666666666
2007-09-05,278.6708333333333
2007-09-06,279.06249999999994
2007-09-07,280.19166666666666
2007-09-08,279.6458333333333
2007-09-09,279.24999999999994
2007-09-10,279.9291666666666
2007-09-11,279.85416666666663
2007-09-12,281.3833333333333
2007-09-13,282.075
2007-09-14,281.37499999999994
2007-09-15,280.35416666666663
2007-09-16,283.6375
2007-09-17,281.55833333333334
2007-09-18,281.7416666666666
2007-09-19,282.22499999999997
2007-09-20,281.49999999999994
2007-09-21,278.9791666666667
2007-09-22,278.6083333333333
2007-09-23,276.2125
2007-09-24,276.275
2007-09-25,275.6083333333333
2007-09-26,274.95416666666665
2007-09-27,274.4875
2007-09-28,272.9208333333333
2007-09-29,274.15416666666664
2007-09-30,276.5208333333333
2007-10-01,274.9875
2007-10-02,276.525
2007-10-03,271.8958333333333
2007-10-04,269.22499999999997
2007-10-05,270.93333333333334
2007-10-06,273.5333333333333
2007-10-07,272.3875
2007-10-08,271.2333333333333
2007-10-09,271.12499999999994
2007-10-10,271.5541666666666
2007-10-11,273.07083333333327
2007-10-12,273.8333333333333
2007-10-13,272.09999999999997
2007-10-14,274.97916666666663
2007-10-15,275.5416666666667
2007-10-16,275.2625
2007-10-17,275.3375
2007-10-18,276.3625
2007-10-19,276.5833333333333
2007-10-20,274.30833333333334
2007-10-21,269.7375
2007-10-22,268.30833333333334
2007-10-23,270.96666666666664
2007-10-24,272.35416666666663
2007-10-25,271.78749999999997
2007-10-26,270.00416666666666
2007-10-27,268.4916666666666
2007-10-28,269.02916666666664
2007-10-29,270.47499999999997
2007-10-30,273.0875
2007-10-31,270.40416666666664
2007-11-01,271.56249999999994
2007-11-02,271.4916666666666
2007-11-03,271.16666666666663
2007-11-04,271.8458333333333
2007-11-05,274.9625
2007-11-06,274.16249999999997
2007-11-07,274.25416666666666
2007-11-08,274.28749999999997
2007-11-09,273.575
2007-11-10,269.7833333333333
2007-11-11,269.5
2007-11-12,270.8541666666667
2007-11-13,269.9291666666666
2007-11-14,270.9916666666666
2007-11-15,270.19166666666666
2007-11-16,264.775
2007-11-17,269.0333333333333
2007-11-18,270.5875
2007-11-19,273.675
2007-11-20,272.7583333333333
2007-11-21,270.6125
2007-11-22,273.57916666666665
2007-11-23,272.84166666666664
2007-11-24,269.09166666666664
2007-11-25,265.62916666666666
2007-11-26,269.4916666666666
2007-11-27,269.93333333333334
2007-11-28,269.72916666666663
2007-11-29,268.5958333333333
2007-11-30,266.0125
2007-12-01,268.5708333333333
2007-12-02,267.3958333333333
2007-12-03,265.9708333333333
2007-12-04,267.26666666666665
2007-12-05,269.0958333333333
2007-12-06,269.4833333333333
2007-12-07,268.525
2007-12-08,262.62083333333334
2007-12-09,264.8041666666666
2007-12-10,266.57916666666665
2007-12-11,263.32916666666665
2007-12-12,262.0208333333333
2007-12-13,261.1875
2007-12-14,262.6375
2007-12-15,261.3458333333333
2007-12-16,261.67499999999995
2007-12-17,263.62499999999994
2007-12-18,266.29166666666663
2007-12-19,266.97499999999997
2007-12-20,265.3583333333333
2007-12-21,267.2125
2007-12-22,264.0833333333333
2007-12-23,266.8458333333333
2007-12-24,263.41249999999997
2007-12-25,259.81666666666666
2007-12-26,258.62499999999994
2007-12-27,254.54999999999998
2007-12-28,255.76304347826084
2007-12-29,255.02499999999998
2007-12-30,254.62391304347824
2007-12-31,256.26666666666665
2008-01-01,256.4291666666666
2008-01-02,256.3583333333333
2008-01-03,262.4708333333333
2008-01-04,264.91249999999997
2008-01-05,263.29166666666663
2008-01-06,262.7708333333333
2008-01-07,264.12083333333334
2008-01-08,267.45416666666665
2008-01-09,266.7583333333333
2008-01-10,266.44166666666666
2008-01-11,262.12499999999994
2008-01-12,258.5875
2008-01-13,261.06666666666666
2008-01-14,260.8458333333333
2008-01-15,256.9083333333333
2008-01-16,260.0208333333333
2008-01-17,261.2833333333333
2008-01-18,257.46666666666664
2008-01-19,254.225
2008-01-20,255.5958333333333
2008-01-21,255.49999999999997
2008-01-22,255.61521739130433
2008-01-23,257.775
2008-01-24,257.25416666666666
2008-01-25,256.2083333333333
2008-01-26,254.0958333333333
2008-01-27,254.6
2008-01-28,254.67499999999995
2008-01-29,258.24583333333334
2008-01-30,260.40416666666664
2008-01-31,258.18333333333334
2008-02-01,258.96666666666664
2008-02-02,259.18749999999994
2008-02-03,258.96666666666664
2008-02-04,259.2083333333333
2008-02-05,260.0958333333333
2008-02-06,261.62916666666666
2008-02-07,259.2708333333333
2008-02-08,257.2958333333333
2008-02-09,259.6333333333333
2008-02-10,258.8375
2008-02-11,255.07499999999996
2008-02-12,254.95416666666665
2008-02-13,260.66666666666663
2008-02-14,264.50833333333327
2008-02-15,263.1083333333333
2008-02-16,264.8458333333333
2008-02-17,263.7208333333333
2008-02-18,264.425
2008-02-19,267.175
2008-02-20,271.0108695652174
2008-02-21,267.7583333333333
2008-02-22,263.05833333333334
2008-02-23,260.26666666666665
2008-02-24,257.24999999999994
2008-02-25,259.73749999999995
2008-02-26,262.37083333333334
2008-02-27,264.41666666666663
2008-02-28,269.3541666666667
2008-02-29,264.84166666666664
2008-03-01,267.54999999999995
2008-03-02,268.4708333333333
2008-03-03,267.7333333333333
2008-03-04,269.13695652173914
2008-03-05,267.71666666666664
2008-03-06,270.48478260869564
2008-03-07,269.32083333333327
2008-03-08,269.22499999999997
2008-03-09,270.57916666666665
2008-03-10,269.0833333333333
2008-03-11,270.2583333333333
2008-03-12,271.3583333333333
2008-03-13,272.37083333333334
2008-03-14,271.96666666666664
2008-03-15,273.78749999999997
2008-03-16,275.28749999999997
2008-03-17,272.7833333333333
2008-03-18,270.1333333333333
2008-03-19,269.6791666666666
2008-03-20,269.87083333333334
2008-03-21,273.29166666666663
2008-03-22,273.6083333333333
2008-03-23,273.52916666666664
2008-03-24,274.62916666666666
2008-03-25,274.87083333333334
2008-03-26,275.05833333333334
2008-03-27,273.56249999999994
2008-03-28,272.14166666666665
2008-03-29,272.6083333333333
2008-03-30,273.8375
2008-03-31,274.2208333333333
2008-04-01,274.19166666666666
2008-04-02,274.72916666666663
2008-04-03,273.52916666666664
2008-04-04,274.525
2008-04-05,274.0
2008-04-06,273.0083333333333
2008-04-07,273.4875
2008-04-08,273.91666666666663
2008-04-09,273.3208333333333
2008-04-10,272.3208333333333
2008-04-11,274.3041666666666
2008-04-12,275.3583333333333
2008-04-13,275.8583333333333
2008-04-14,276.97499999999997
2008-04-15,273.7625
2008-04-16,276.0708333333333
2008-04-17,276.85416666666663
2008-04-18,268.6583333333333
2008-04-19,268.4833333333333
2008-04-20,270.6583333333333
2008-04-21,276.7934782608695
2008-04-22,280.4625
2008-04-23,278.99999999999994
2008-04-24,278.97499999999997
2008-04-25,277.25416666666666
2008-04-26,279.68749999999994
2008-04-27,281.275
2008-04-28,279.3333333333333
2008-04-29,281.72916666666663
2008-04-30,280.26666666666665
2008-05-01,277.62916666666666
2008-05-02,276.22499999999997
2008-05-03,280.18333333333334
2008-05-04,280.5333333333333
2008-05-05,277.57916666666665
2008-05-06,274.89166666666665
2008-05-07,277.81666666666666
2008-05-08,283.91666666666663
2008-05-09,285.0541666666666
2008-05-10,283.60416666666663
2008-05-11,282.57916666666665
2008-05-12,283.2958333333333
2008-05-13,284.01666666666665
2008-05-14,283.22916666666663
2008-05-15,282.54166666666663
2008-05-16,282.50416666666666
2008-05-17,278.9583333333333
2008-05-18,281.47499999999997
2008-05-19,282.1958333333333
2008-05-20,281.87083333333334
2008-05-21,280.93749999999994
2008-05-22,280.81666666666666
2008-05-23,279.95
2008-05-24,280.22916666666663
2008-05-25,279.93749999999994
2008-05-26,280.54166666666663
2008-05-27,280.775
2008-05-28,282.0333333333333
2008-05-29,282.3833333333333
2008-05-30,283.575
2008-05-31,283.4208333333333
2008-06-01,283.10416666666663
2008-06-02,282.2333333333333
2008-06-03,281.84999999999997
2008-06-04,281.3958333333333
2008-06-05,283.6583333333333
2008-06-06,282.2833333333333
2008-06-07,281.50416666666666
2008-06-08,282.8041666666666
2008-06-09,285.25
2008-06-10,285.2
2008-06-11,284.8208333333333
2008-06-12,283.8875
2008-06-13,283.59999999999997
2008-06-14,285.6125
2008-06-15,286.79999999999995
2008-06-16,284.74583333333334
2008-06-17,281.3208333333333
2008-06-18,281.54166666666663
2008-06-19,282.8625
2008-06-20,282.7416666666666
2008-06-21,283.62916666666666
2008-06-22,283.93333333333334
2008-06-23,281.7625
2008-06-24,282.66666666666663
2008-06-25,284.2625
2008-06-26,283.94166666666666
2008-06-27,282.7833333333333
2008-06-28,282.4
2008-06-29,284.51666666666665
2008-06-30,284.23749999999995
2008-07-01,283.5958333333333
2008-07-02,286.87916666666666
2008-07-03,286.37916666666666
2008-07-04,286.9625
2008-07-05,285.8108695652174
2008-07-06,284.74999999999994
2008-07-07,285.1583333333333
2008-07-08,282.70416666666665
2008-07-09,282.30833333333334
2008-07-10,279.97916666666663
2008-07-11,282.4208333333333
2008-07-12,284.7583333333333
2008-07-13,284.325
2008-07-14,283.5083333333333
2008-07-15,284.1708333333333
2008-07-16,283.00416666666666
2008-07-17,284.1125
2008-07-18,282.825
2008-07-19,282.50416666666666
2008-07-20,282.79166666666663
2008-07-21,283.9458333333333
2008-07-22,286.14166666666665
2008-07-23,285.99999999999994
2008-07-24,282.74999999999994
2008-07-25,281.91249999999997
2008-07-26,283.8041666666666
2008-07-27,284.0875
2008-07-28,284.56249999999994
2008-07-29,284.93333333333334
2008-07-30,286.1708333333333
2008-07-31,288.31666666666666
2008-08-01,290.30833333333334
2008-08-02,289.68749999999994
2008-08-03,290.07916666666665
2008-08-04,284.0958333333333
2008-08-05,282.18333333333334
2008-08-06,285.21666666666664
2008-08-07,286.7833333333333
2008-08-08,286.5458333333333
2008-08-09,287.9083333333333
2008-08-10,288.46666666666664
2008-08-11,283.09999999999997
2008-08-12,282.78749999999997
2008-08-13,280.9875
2008-08-14,282.4875
2008-08-15,283.10416666666663
2008-08-16,279.99999999999994
2008-08-17,280.1083333333333
2008-08-18,281.12916666666666
2008-08-19,279.84999999999997
2008-08-20,282.50416666666666
2008-08-21,285.06666666666666
2008-08-22,282.06249999999994
2008-08-23,282.9833333333333
2008-08-24,282.9458333333333
2008-08-25,283.59166666666664
2008-08-26,283.325
2008-08-27,281.7958333333333
2008-08-28,282.0833333333333
2008-08-29,282.5333333333333
2008-08-30,280.5083333333333
2008-08-31,281.5125
2008-09-01,282.7625
2008-09-02,283.95416666666665
2008-09-03,280.8833333333333
2008-09-04,279.87083333333334
2008-09-05,277.6333333333333
2008-09-06,274.925
2008-09-07,276.71666666666664
2008-09-08,279.84166666666664
2008-09-09,280.95416666666665
2008-09-10,282.18333333333334
2008-09-11,280.7375
2008-09-12,280.525
2008-09-13,281.28749999999997
2008-09-14,280.95416666666665
2008-09-15,281.8
2008-09-16,282.62083333333334
2008-09-17,282.19166666666666
2008-09-18,281.62499999999994
2008-09-19,280.7208333333333
2008-09-20,279.0333333333333
2008-09-21,277.12083333333334
2008-09-22,276.80833333333334
2008-09-23,276.39166666666665
2008-09-24,277.3666666666666
2008-09-25,278.2416666666666
2008-09-26,281.3208333333333
2008-09-27,280.93333333333334
2008-09-28,280.6791666666666
2008-09-29,279.06666666666666
2008-09-30,278.99999999999994
2008-10-01,278.49583333333334
2008-10-02,275.34999999999997
2008-10-03,278.4208333333333
2008-10-04,280.4708333333333
2008-10-05,278.02916666666664
2008-10-06,274.47499999999997
2008-10-07,274.80833333333334
2008-10-08,276.24583333333334
2008-10-09,276.7
2008-10-10,276.24583333333334
2008-10-11,278.6583333333333
2008-10-12,275.8583333333333
2008-10-13,277.0958333333333
2008-10-14,276.3625
2008-10-15,275.37499999999994
2008-10-16,273.55
2008-10-17,274.4291666666666
2008-10-18,277.7416666666666
2008-10-19,275.74583333333334
2008-10-20,270.7
2008-10-21,270.9166666666667
2008-10-22,273.93333333333334
2008-10-23,274.6458333333333
2008-10-24,275.5125
2008-10-25,273.77916666666664
2008-10-26,267.74583333333334
2008-10-27,268.86249999999995
2008-10-28,273.06249999999994
2008-10-29,272.5416666666667
2008-10-30,272.5958333333333
2008-10-31,273.3
2008-11-01,273.31249999999994
2008-11-02,272.67499999999995
2008-11-03,270.6583333333333
2008-11-04,267.68749999999994
2008-11-05,268.8
2008-11-06,272.8333333333333
2008-11-07,274.25416666666666
2008-11-08,271.8583333333333
2008-11-09,272.09999999999997
2008-11-10,269.7833333333333
2008-11-11,267.22916666666663
2008-11-12,263.4291666666666
2008-11-13,262.86249999999995
2008-11-14,263.7958333333333
2008-11-15,264.4
2008-11-16,264.20416666666665
2008-11-17,265.3333333333333
2008-11-18,265.9916666666666
2008-11-19,265.5083333333333
2008-11-20,267.09999999999997
2008-11-21,264.3625
2008-11-22,265.9083333333333
2008-11-23,269.28749999999997
2008-11-24,267.3041666666666
2008-11-25,268.40416666666664
2008-11-26,269.93749999999994
2008-11-27,266.54166666666663
2008-11-28,268.6791666666666
2008-11-29,270.52916666666664
2008-11-30,269.31249999999994
2008-12-01,269.49583333333334
2008-12-02,270.6125
2008-12-03,264.54166666666663
2008-12-04,267.57916666666665
2008-12-05,270.15416666666664
2008-12-06,268.72499999999997
2008-12-07,267.03749999999997
2008-12-08,268.2375
2008-12-09,268.8625
2008-12-10,269.34999999999997
2008-12-11,269.26666666666665
2008-12-12,265.2333333333333
2008-12-13,262.6708333333333
2008-12-14,265.34999999999997
2008-12-15,267.09166666666664
2008-12-16,266.3666666666666
2008-12-17,265.75416666666666
2008-12-18,268.0083333333333
2008-12-19,268.8333333333333
2008-12-20,268.37916666666666
2008-12-21,265.7583333333333
2008-12-22,264.5208333333333
2008-12-23,267.03749999999997
2008-12-24,264.5958333333333
2008-12-25,265.71666666666664
2008-12-26,266.1375
2008-12-27,266.325
2008-12-28,264.74583333333334
2008-12-29,265.91249999999997
2008-12-30,263.4875
2008-12-31,263.51666666666665
2009-01-01,263.93666666666667
2009-01-02,262.0108695652174
2009-01-03,266.33695652173907
2009-01-04,264.1065217391304
2009-01-05,258.6847826086956
2009-01-06,256.58478260869566
2009-01-07,258.2978260869565
2009-01-08,259.4586956521739
2009-01-09,258.91956521739127
2009-01-10,262.0239130434782
2009-01-11,261.8891304347826
2009-01-12,262.22391304347826
2009-01-13,263.98043478260865
2009-01-14,265.56304347826085
2009-01-15,263.4282608695652
2009-01-16,262.3847826086956
2009-01-17,262.76304347826084
2009-01-18,267.0978260869565
2009-01-19,264.3673913043478
2009-01-20,261.0673913043478
2009-01-21,263.2369565217391
2009-01-22,263.0891304347826
2009-01-23,262.4586956521739
2009-01-24,264.045652173913
2009-01-25,262.2543478260869
2009-01-26,263.95
2009-01-27,266.0804347826087
2009-01-28,266.33260869565214
2009-01-29,266.7673913043478
2009-01-30,265.4586956521739
2009-01-31,265.6760869565217
2009-02-01,264.8847826086956
2009-02-02,267.26304347826084
2009-02-03,268.89347826086953
2009-02-04,266.70217391304345
2009-02-05,265.60217391304343
2009-02-06,261.8152173913044
2009-02-07,262.045652173913
2009-02-08,267.6065217391304
2009-02-09,268.8875
2009-02-10,267.84999999999997
2009-02-11,267.045652173913
2009-02-12,263.5978260869565
2009-02-13,262.47608695652167
2009-02-14,263.8021739130435
2009-02-15,266.7282608695652
2009-02-16,263.69782608695647
2009-02-17,263.96304347826083
2009-02-18,261.53260869565213
2009-02-19,264.53260869565213
2009-02-20,266.13695652173914
2009-02-21,266.1804347826087
2009-02-22,261.7978260869565
2009-02-23,266.7934782608695
2009-02-24,267.77173913043475
2009-02-25,263.34565217391304
2009-02-26,264.34130434782605
2009-02-27,263.89347826086953
2009-02-28,262.0804347826087
2009-03-01,262.7673913043478
2009-03-02,266.5673913043478
2009-03-03,268.10217391304343
2009-03-04,270.4760869565217
2009-03-05,268.5934782608696
2009-03-06,266.64130434782606
2009-03-07,266.6673913043478
2009-03-08,266.88043478260863
2009-03-09,264.7152173913043
2009-03-10,263.03260869565213
2009-03-11,266.9586956521739
2009-03-12,271.07173913043476
2009-03-13,271.945652173913
2009-03-14,270.89347826086953
2009-03-15,273.38043478260863
2009-03-16,277.21521739130435
2009-03-17,273.65
2009-03-18,273.8065217391304
2009-03-19,270.5108695652174
2009-03-20,266.8195652173913
2009-03-21,271.925
2009-03-22,272.2978260869565
2009-03-23,275.27173913043475
2009-03-24,273.91521739130434
2009-03-25,274.27608695652174
2009-03-26,272.57173913043476
2009-03-27,272.6804347826087
2009-03-28,273.61086956521734
2009-03-29,272.6760869565217
2009-03-30,272.46304347826083
2009-03-31,272.1543478260869
2009-04-01,272.51956521739123
2009-04-02,274.8021739130434
2009-04-03,273.2065217391304
2009-04-04,274.04130434782604
2009-04-05,277.83260869565214
2009-04-06,279.1804347826087
2009-04-07,273.60217391304343
2009-04-08,273.17499999999995
2009-04-09,273.32916666666665
2009-04-10,274.70652173913044
2009-04-11,277.9586956521739
2009-04-12,277.21086956521737
2009-04-13,275.6804347826087
2009-04-14,277.19347826086954
2009-04-15,280.75555555555553
2009-04-16,272.21086956521737
2009-04-17,274.48043478260865
2009-04-18,275.9108695652174
2009-04-19,277.33260869565214
2009-04-20,277.0239130434782
2009-04-21,276.2326086956522
2009-04-22,272.8958333333333
2009-04-23,273.7934782608695
2009-04-24,276.0891304347826
2009-04-25,279.84565217391304
2009-04-26,276.8717391304348
2009-04-27,274.3673913043478
2009-04-28,272.70652173913044
2009-04-29,269.3717391304348
2009-04-30,274.10217391304343
2009-05-01,279.00217391304346
2009-05-02,281.5282608695652
2009-05-03,280.46304347826083
2009-05-04,277.41956521739127
2009-05-05,275.8282608695652
2009-05-06,273.18333333333334
2009-05-07,273.1847826086956
2009-05-08,273.46304347826083
2009-05-09,275.0152173913043
2009-05-10,276.3760869565217
2009-05-11,276.2282608695652
2009-05-12,276.57173913043476
2009-05-13,276.27608695652174
2009-05-14,278.1065217391304
2009-05-15,279.12916666666666
2009-05-16,277.6195652173913
2009-05-17,279.36304347826086
2009-05-18,281.5108695652174
2009-05-19,279.78749999999997
2009-05-20,279.3673913043478
2009-05-21,280.65
2009-05-22,278.05434782608694
2009-05-23,279.26304347826084
2009-05-24,278.91086956521735
2009-05-25,275.2369565217391
2009-05-26,276.05434782608694
2009-05-27,280.33695652173907
2009-05-28,283.41956521739127
2009-05-29,283.78043478260867
2009-05-30,283.11086956521734
2009-05-31,281.6891304347826
2009-06-01,282.05
2009-06-02,281.72391304347826
2009-06-03,278.9673913043478
2009-06-04,278.8847826086956
2009-06-05,282.6065217391304
2009-06-06,283.26304347826084
2009-06-07,280.4282608695652
2009-06-08,280.77608695652174
2009-06-09,282.36304347826086
2009-06-10,281.1891304347826
2009-06-11,278.91956521739127
2009-06-12,278.954347826087
2009-06-13,278.93260869565216
2009-06-14,280.1673913043478
2009-06-15,282.42391304347825
2009-06-16,281.47173913043474
2009-06-17,279.33260869565214
2009-06-18,278.8673913043478
2009-06-19,280.97608695652167
2009-06-20,282.5891304347826
2009-06-21,283.48478260869564
2009-06-22,283.545652173913
2009-06-23,281.27608695652174
2009-06-24,282.45416666666665
2009-06-25,282.2195652173913
2009-06-26,282.95
2009-06-27,283.4239130434782
2009-06-28,283.83260869565214
2009-06-29,279.6586956521739
2009-06-30,276.05434782608694
2009-07-01,278.96304347826083
2009-07-02,281.20217391304345
2009-07-03,280.10217391304343
2009-07-04,277.99347826086955
2009-07-05,279.4413043478261
2009-07-06,281.7847826086956
2009-07-07,282.0108695652174
2009-07-08,278.99347826086955
2009-07-09,282.56304347826085
2009-07-10,280.90416666666664
2009-07-11,281.2847826086956
2009-07-12,282.9673913043478
2009-07-13,279.0978260869565
2009-07-14,279.05434782608694
2009-07-15,279.69347826086954
2009-07-16,278.9108695652174
2009-07-17,279.62826086956517
2009-07-18,278.78043478260867
2009-07-19,279.75869565217386
2009-07-20,281.2586956521739
2009-07-21,283.70217391304345
2009-07-22,285.1630434782608
2009-07-23,286.1804347826087
2009-07-24,285.7543478260869
2009-07-25,287.3282608695652
2009-07-26,288.13260869565215
2009-07-27,284.7195652173913
2009-07-28,282.84130434782605
2009-07-29,280.2152173913043
2009-07-30,282.26304347826084
2009-07-31,283.26363636363635
2009-08-01,282.6717391304348
2009-08-02,282.84565217391304
2009-08-03,282.10217391304343
2009-08-04,281.7543478260869
2009-08-05,280.8978260869565
2009-08-06,280.25869565217386
2009-08-07,282.65
2009-08-08,283.08478260869566
2009-08-09,283.74130434782603
2009-08-10,284.0804347826087
2009-08-11,283.0208333333333
2009-08-12,282.3673913043478
2009-08-13,283.3195652173913
2009-08-14,283.20652173913044
2009-08-15,283.6760869565217
2009-08-16,282.5239130434782
2009-08-17,282.6717391304348
2009-08-18,283.72391304347826
2009-08-19,281.87499999999994
2009-08-20,279.4413043478261
2009-08-21,279.22391304347826
2009-08-22,281.78043478260867
2009-08-23,281.7978260869565
2009-08-24,283.61086956521734
2009-08-25,285.70217391304345
2009-08-26,284.0413043478261
2009-08-27,282.7543478260869
2009-08-28,283.6891304347826
2009-08-29,284.2934782608695
2009-08-30,280.4891304347826
2009-08-31,281.03260869565213
2009-09-01,279.8366666666667
2009-09-02,278.05
2009-09-03,278.9369565217391
2009-09-04,278.15
2009-09-05,274.8152173913043
2009-09-06,274.8021739130435
2009-09-07,276.08478260869566
2009-09-08,277.61956521739125
2009-09-09,274.50416666666666
2009-09-10,274.10217391304343
2009-09-11,275.8152173913043
2009-09-12,279.3760869565217
2009-09-13,280.245652173913
2009-09-14,280.9833333333333
2009-09-15,281.0195652173913
2009-09-16,280.8891304347826
2009-09-17,279.245652173913
2009-09-18,278.8804347826087
2009-09-19,280.9413043478261
2009-09-20,281.8282608695652
2009-09-21,280.3978260869565
2009-09-22,279.4413043478261
2009-09-23,277.954347826087
2009-09-24,278.6760869565217
2009-09-25,280.62391304347824
2009-09-26,280.88913043478254
2009-09-27,279.5673913043478
2009-09-28,279.26304347826084
2009-09-29,278.7717391304348
2009-09-30,276.82
2009-10-01,283.32142857142856
2009-10-02,281.7934782608695
2009-10-03,279.05869565217387
2009-10-04,277.4239130434782
2009-10-05,278.41521739130434
2009-10-06,277.6195652173913
2009-10-07,278.80833333333334
2009-10-08,277.545652173913
2009-10-09,276.33260869565214
2009-10-10,274.8717391304348
2009-10-11,275.13260869565215
2009-10-12,274.5804347826087
2009-10-13,274.7282608695652
2009-10-14,274.2847826086956
2009-10-15,274.63695652173914
2009-10-16,275.44565217391306
2009-10-17,274.1282608695652
2009-10-18,273.8760869565217
2009-10-19,273.9760869565217
2009-10-20,274.1804347826087
2009-10-21,274.3065217391304
2009-10-22,274.2891304347826
2009-10-23,274.8108695652174
2009-10-24,272.5208333333333
2009-10-25,271.3152173913044
2009-10-26,272.34565217391304
2009-10-27,273.7369565217391
2009-10-28,274.8847826086956
2009-10-29,271.12916666666666
2009-10-30,272.05833333333334
2009-10-31,272.11956521739125
2009-11-01,273.9239130434782
2009-11-02,276.34999999999997
2009-11-03,277.0804347826087
2009-11-04,276.27608695652174
2009-11-05,278.4369565217391
2009-11-06,277.19347826086954
2009-11-07,275.6760869565217
2009-11-08,274.21086956521737
2009-11-09,270.3978260869565
2009-11-10,265.11086956521734
2009-11-11,264.7891304347826
2009-11-12,267.3978260869565
2009-11-13,269.3
2009-11-14,268.26304347826084
2009-11-15,265.2673913043478
2009-11-16,262.8282608695652
2009-11-17,263.4282608695652
2009-11-18,264.85434782608695
2009-11-19,264.4065217391304
2009-11-20,265.1630434782608
2009-11-21,267.0891304347826
2009-11-22,269.26666666666665
2009-11-23,270.51666666666665
2009-11-24,267.61086956521734
2009-11-25,268.45
2009-11-26,266.8108695652174
2009-11-27,262.5413043478261
2009-11-28,264.6673913043478
2009-11-29,266.41956521739127
2009-11-30,262.74999999999994
2009-12-01,264.6760869565217
2009-12-02,268.98478260869564
2009-12-03,265.76304347826084
2009-12-04,268.1847826086956
2009-12-05,267.48913043478257
2009-12-06,260.84999999999997
2009-12-07,261.5891304347826
2009-12-08,265.9065217391304
2009-12-09,265.35434782608695
2009-12-10,263.8673913043478
2009-12-11,261.91956521739127
2009-12-12,265.5413043478261
2009-12-13,262.3239130434782
2009-12-14,261.17173913043473
2009-12-15,263.3804347826087
2009-12-16,266.1760869565217
2009-12-17,264.9586956521739
2009-12-18,263.6630434782608
2009-12-19,265.5195652173913
2009-12-20,267.3152173913043
2009-12-21,268.0804347826087
2009-12-22,268.24130434782603
2009-12-23,265.2195652173913
2009-12-24,264.15
2009-12-25,264.6804347826087
2009-12-26,261.5108695652174
2009-12-27,261.1152173913043
2009-12-28,260.83260869565214
2009-12-29,261.24999999999994
2009-12-30,263.0413043478261
2009-12-31,266.15
2010-01-01,268.88043478260863
2010-01-02,266.95
2010-01-03,269.27608695652174
2010-01-04,268.92391304347825
2010-01-05,268.3282608695652
2010-01-06,269.55
2010-01-07,267.9282608695652
2010-01-08,264.7195652173913
2010-01-09,258.69347826086954
2010-01-10,256.89347826086953
2010-01-11,254.77173913043475
2010-01-12,260.06304347826085
2010-01-13,264.13695652173914
2010-01-14,267.7978260869565
2010-01-15,269.1152173913043
2010-01-16,268.48043478260865
2010-01-17,269.7673913043478
2010-01-18,262.0673913043478
2010-01-19,256.454347826087
2010-01-20,257.745652173913
2010-01-21,266.1760869565217
2010-01-22,266.954347826087
2010-01-23,266.00217391304346
2010-01-24,267.21521739130435
2010-01-25,267.8978260869565
2010-01-26,265.2065217391304
2010-01-27,266.11956521739125
2010-01-28,266.34130434782605
2010-01-29,266.1760869565217
2010-01-30,264.27173913043475
2010-01-31,264.0673913043478
2010-02-01,263.9282608695652
2010-02-02,262.0760869565217
2010-02-03,263.4586956521739
2010-02-04,267.0152173913043
2010-02-05,266.5934782608696
2010-02-06,267.145652173913
2010-02-07,265.99782608695654
2010-02-08,264.9586956521739
2010-02-09,262.72391304347826
2010-02-10,258.96304347826083
2010-02-11,259.99782608695654
2010-02-12,262.61086956521734
2010-02-13,261.27608695652174
2010-02-14,260.34130434782605
2010-02-15,257.64130434782606
2010-02-16,257.6673913043478
2010-02-17,259.2978260869565
2010-02-18,266.6717391304348
2010-02-19,269.1152173913043
2010-02-20,269.87727272727267
2010-02-21,271.4369565217391
2010-02-22,274.34999999999997
2010-02-23,271.8272727272727
2010-02-24,271.48043478260865
2010-02-25,269.8108695652174
2010-02-26,269.1804347826087
2010-02-27,269.54090909090905
2010-02-28,266.83260869565214
2010-03-01,270.92857142857144
2010-03-02,267.91363636363633
2010-03-03,265.1891304347826
2010-03-04,268.2847826086956
2010-03-05,268.96304347826083
2010-03-06,268.97173913043474
2010-03-07,269.26304347826084
2010-03-08,271.2282608695652
2010-03-09,272.2195652173913
2010-03-10,273.55434782608694
2010-03-11,276.3760869565217
2010-03-12,271.3804347826087
2010-03-13,266.0413043478261
2010-03-14,268.5108695652174
2010-03-15,272.045652173913
2010-03-16,273.19166666666666
2010-03-17,277.2673913043478
2010-03-18,274.70416666666665
2010-03-19,277.88043478260863
2010-03-20,273.8636363636363
2010-03-21,268.50217391304346
2010-03-22,267.3760869565217
2010-03-23,267.8717391304348
2010-03-24,269.3195652173913
2010-03-25,269.9065217391304
2010-03-26,270.57916666666665
2010-03-27,273.55434782608694
2010-03-28,265.2369565217391
2010-03-29,258.43888888888887
2010-03-30,
2010-03-31,
2010-04-01,
2010-04-02,278.19666666666666
2010-04-03,275.2625
2010-04-04,273.0760869565217
2010-04-05,270.2369565217391
2010-04-06,274.29999999999995
2010-04-07,275.67499999999995
2010-04-08,274.54166666666663
2010-04-09,274.7833333333333
2010-04-10,274.425
2010-04-11,275.2586956521739
2010-04-12,274.4083333333333
2010-04-13,274.0708333333333
2010-04-14,277.4021739130435
2010-04-15,279.05869565217387
2010-04-16,277.62083333333334
2010-04-17,274.3208333333333
2010-04-18,273.84999999999997
2010-04-19,270.8673913043478
2010-04-20,271.6630434782609
2010-04-21,275.8666666666666
2010-04-22,277.58478260869566
2010-04-23,277.99782608695654
2010-04-24,277.4065217391304
2010-04-25,281.1673913043478
2010-04-26,280.1586956521739
2010-04-27,279.8760869565217
2010-04-28,280.0282608695652
2010-04-29,280.34999999999997
2010-04-30,280.7543478260869
2010-05-01,283.2366666666666
2010-05-02,278.7195652173913
2010-05-03,278.05434782608694
2010-05-04,275.145652173913
2010-05-05,277.84999999999997
2010-05-06,280.22391304347826
2010-05-07,280.46304347826083
2010-05-08,279.4760869565217
2010-05-09,279.7543478260869
2010-05-10,278.47608695652167
2010-05-11,278.9413043478261
2010-05-12,278.37083333333334
2010-05-13,278.2152173913043
2010-05-14,275.40416666666664
2010-05-15,272.2673913043478
2010-05-16,275.69782608695647
2010-05-17,278.72391304347826
2010-05-18,279.8065217391304
2010-05-19,277.8108695652174
2010-05-20,279.4239130434782
2010-05-21,280.9673913043478
2010-05-22,280.045652173913
2010-05-23,277.745652173913
2010-05-24,276.91956521739127
2010-05-25,278.8891304347826
2010-05-26,280.8673913043478
2010-05-27,278.8717391304348
2010-05-28,276.7369565217391
2010-05-29,278.5369565217391
2010-05-30,281.2586956521739
2010-05-31,278.74999999999994
2010-06-01,283.83
2010-06-02,281.58478260869566
2010-06-03,279.19782608695647
2010-06-04,278.3717391304348
2010-06-05,278.454347826087
2010-06-06,279.19782608695647
2010-06-07,281.24999999999994
2010-06-08,283.13695652173914
2010-06-09,282.5369565217391
2010-06-10,282.2282608695652
2010-06-11,282.4413043478261
2010-06-12,281.6543478260869
2010-06-13,281.3760869565217
2010-06-14,281.85909090909087
2010-06-15,282.5152173913043
2010-06-16,282.77608695652174
2010-06-17,283.55
2010-06-18,283.36304347826086
2010-06-19,283.29347826086956
2010-06-20,283.3586956521739
2010-06-21,283.69347826086954
2010-06-22,281.4891304347826
2010-06-23,280.61956521739125
2010-06-24,281.42391304347825
2010-06-25,282.8978260869565
2010-06-26,282.4021739130435
2010-06-27,282.9291666666666
2010-06-28,282.8065217391304
2010-06-29,283.71086956521737
2010-06-30,282.15
2010-07-01,282.9413043478261
2010-07-02,283.17173913043473
2010-07-03,282.1804347826087
2010-07-04,282.05869565217387
2010-07-05,283.07608695652175
2010-07-06,282.40217391304344
2010-07-07,283.78043478260867
2010-07-08,284.75869565217386
2010-07-09,284.3239130434782
2010-07-10,281.72391304347826
2010-07-11,281.5934782608696
2010-07-12,282.1543478260869
2010-07-13,282.99347826086955
2010-07-14,284.21521739130435
2010-07-15,285.72391304347826
2010-07-16,287.7717391304348
2010-07-17,288.11086956521734
2010-07-18,286.34565217391304
2010-07-19,283.5804347826087
2010-07-20,283.0978260869565
2010-07-21,282.72391304347826
2010-07-22,283.26304347826084
2010-07-23,282.8978260869565
2010-07-24,283.7282608695652
2010-07-25,284.28043478260867
2010-07-26,286.2416666666666
2010-07-27,286.1543478260869
2010-07-28,284.95416666666665
2010-07-29,284.4673913043478
2010-07-30,283.7065217391304
2010-07-31,282.09
2010-08-01,280.9239130434782
2010-08-02,281.77608695652174
2010-08-03,282.43260869565216
2010-08-04,284.4282608695652
2010-08-05,285.3152173913043
2010-08-06,285.3021739130435
2010-08-07,282.62391304347824
2010-08-08,283.70217391304345
2010-08-09,282.19782608695647
2010-08-10,282.4239130434782
2010-08-11,282.3717391304348
2010-08-12,283.64130434782606
2010-08-13,286.49347826086955
2010-08-14,282.9586956521739
2010-08-15,282.63260869565215
2010-08-16,282.6673913043478
2010-08-17,282.28043478260867
2010-08-18,280.56304347826085
2010-08-19,281.6804347826087
2010-08-20,282.6152173913043
2010-08-21,281.6065217391304
2010-08-22,282.1891304347826
2010-08-23,282.0760869565217
2010-08-24,279.645652173913
2010-08-25,277.5065217391304
2010-08-26,279.3239130434782
2010-08-27,280.06304347826085
2010-08-28,281.07173913043476
2010-08-29,282.56363636363636
2010-08-30,283.70454545454544
2010-08-31,285.4452380952381
2010-09-01,286.9772727272727
2010-09-02,282.6409090909091
2010-09-03,283.0413043478261
2010-09-04,283.62391304347824
2010-09-05,284.2880952380952
2010-09-06,284.23181818181814
2010-09-07,284.6045454545454
2010-09-08,283.4282608695652
2010-09-09,282.1152173913043
2010-09-10,280.1804347826087
2010-09-11,280.96304347826083
2010-09-12,279.83260869565214
2010-09-13,277.1760869565217
2010-09-14,277.91086956521735
2010-09-15,279.95
2010-09-16,279.2543478260869
2010-09-17,277.7891304347826
2010-09-18,275.2543478260869
2010-09-19,276.1543478260869
2010-09-20,277.97173913043474
2010-09-21,278.85869565217394
2010-09-22,280.2891304347826
2010-09-23,279.145652173913
2010-09-24,276.8065217391304
2010-09-25,277.5804347826087
2010-09-26,277.0108695652174
2010-09-27,277.3978260869565
2010-09-28,276.945652173913
2010-09-29,277.26666666666665
2010-09-30,277.61956521739125
2010-10-01,278.29090909090905
2010-10-02,278.645652173913
2010-10-03,279.24130434782603
2010-10-04,279.63695652173914
2010-10-05,279.84130434782605
2010-10-06,280.3891304347826
2010-10-07,278.2326086956522
2010-10-08,277.2125
2010-10-09,273.86304347826086
2010-10-10,273.46304347826083
2010-10-11,273.59166666666664
2010-10-12,273.41521739130434
2010-10-13,275.6152173913043
2010-10-14,277.13695652173914
2010-10-15,278.1717391304348
2010-10-16,278.9760869565217
2010-10-17,279.7978260869565
2010-10-18,279.9413043478261
2010-10-19,278.70454545454544
2010-10-20,277.6045454545454
2010-10-21,273.8181818181818
2010-10-22,267.19347826086954
2010-10-23,266.62391304347824
2010-10-24,268.3152173913043
2010-10-25,266.71
2010-10-26,269.15
2010-10-27,273.21666666666664
2010-10-28,272.645652173913
2010-10-29,273.36249999999995
2010-10-30,274.71521739130435
2010-10-31,275.6760869565217
2010-11-01,275.545652173913
2010-11-02,274.97173913043474
2010-11-03,275.9326086956521
2010-11-04,269.6282608695652
2010-11-05,266.81363636363636
2010-11-06,269.5152173913043
2010-11-07,270.39347826086953
2010-11-08,271.33695652173907
2010-11-09,270.2543478260869
2010-11-10,270.36304347826086
2010-11-11,270.8181818181818
2010-11-12,268.58
2010-11-13,271.5833333333333
2010-11-14,269.445652173913
2010-11-15,271.48043478260865
2010-11-16,270.8272727272727
2010-11-17,272.20454545454544
2010-11-18,268.6909090909091
2010-11-19,271.3863636363636
2010-11-20,271.0772727272727
2010-11-21,270.88636363636357
2010-11-22,270.8021739130435
2010-11-23,267.35869565217394
2010-11-24,268.24130434782603
2010-11-25,269.77173913043475
2010-11-26,269.5239130434782
2010-11-27,268.79545454545456
2010-11-28,269.9045454545454
2010-11-29,268.71521739130435
2010-11-30,270.18636363636364
2010-12-01,271.16363636363633
2010-12-02,272.9108695652174
2010-12-03,262.7195652173913
2010-12-04,259.1847826086956
2010-12-05,263.48913043478257
2010-12-06,260.6065217391304
2010-12-07,263.21363636363634
2010-12-08,263.7847826086956
2010-12-09,263.2282608695652
2010-12-10,263.3454545454545
2010-12-11,263.35434782608695
2010-12-12,263.5978260869565
2010-12-13,263.89347826086953
2010-12-14,264.47173913043474
2010-12-15,270.96363636363634
2010-12-16,265.84999999999997
2010-12-17,264.59285714285716
2010-12-18,261.78043478260867
2010-12-19,263.22391304347826
2010-12-20,269.11956521739125
2010-12-21,268.245652173913
2010-12-22,264.21086956521737
2010-12-23,259.19347826086954
2010-12-24,259.38043478260863
2010-12-25,263.5369565217391
2010-12-26,262.0239130434782
2010-12-27,261.35434782608695
2010-12-28,261.97173913043474
2010-12-29,261.7847826086956
2010-12-30,262.6630434782608
2010-12-31,261.0760869565217
2011-01-01,263.54545454545456
2011-01-02,260.41521739130434
2011-01-03,269.0108695652174
2011-01-04,267.19347826086954
2011-01-05,264.1543478260869
2011-01-06,260.2690476190476
2011-01-07,262.00454545454545
2011-01-08,257.27608695652174
2011-01-09,256.34565217391304
2011-01-10,257.68636363636364
2011-01-11,259.13695652173914
2011-01-12,257.34090909090907
2011-01-13,256.84999999999997
2011-01-14,260.59999999999997
2011-01-15,262.7369565217391
2011-01-16,262.41086956521735
2011-01-17,264.13695652173914
2011-01-18,263.045652173913
2011-01-19,260.84565217391304
2011-01-20,259.0065217391304
2011-01-21,259.33260869565214
2011-01-22,262.77608695652174
2011-01-23,262.20652173913044
2011-01-24,260.945652173913
2011-01-25,257.3452380952381
2011-01-26,257.86304347826086
2011-01-27,257.6586956521739
2011-01-28,259.74130434782603
2011-01-29,261.58478260869566
2011-01-30,264.74583333333334
2011-01-31,263.9166666666667
2011-02-01,268.3636363636364
2011-02-02,271.8717391304348
2011-02-03,271.72391304347826
2011-02-04,268.3717391304348
2011-02-05,269.49347826086955
2011-02-06,266.95
2011-02-07,268.1543478260869
2011-02-08,267.7326086956522
2011-02-09,269.9369565217391
2011-02-10,264.3673913043478
2011-02-11,264.7934782608695
2011-02-12,270.82272727272726
2011-02-13,270.5978260869565
2011-02-14,267.93260869565216
2011-02-15,263.3717391304348
2011-02-16,265.2847826086956
2011-02-17,264.35869565217394
2011-02-18,264.8978260869565
2011-02-19,264.79347826086956
2011-02-20,265.88043478260863
2011-02-21,266.7065217391304
2011-02-22,270.70652173913044
2011-02-23,269.20652173913044
2011-02-24,265.39347826086953
2011-02-25,262.84565217391304
2011-02-26,262.4369565217391
2011-02-27,261.74999999999994
2011-02-28,262.645652173913
2011-03-01,262.3152173913043
2011-03-02,264.41521739130434
2011-03-03,266.13260869565215
2011-03-04,264.2326086956522
2011-03-05,265.8282608695652
2011-03-06,266.7673913043478
2011-03-07,268.5891304347826
2011-03-08,268.06304347826085
2011-03-09,266.47173913043474
2011-03-10,270.3065217391304
2011-03-11,272.2326086956522
2011-03-12,267.50217391304346
2011-03-13,269.39347826086953
2011-03-14,274.8847826086956
2011-03-15,278.48043478260865
2011-03-16,266.3978260869565
2011-03-17,263.55
2011-03-18,263.20217391304345
2011-03-19,264.9282608695652
2011-03-20,264.1195652173913
2011-03-21,263.53260869565213
2011-03-22,266.27173913043475
2011-03-23,268.8282608695652
2011-03-24,270.3021739130434
2011-03-25,275.71521739130435
2011-03-26,275.24583333333334
2011-03-27,273.1804347826087
2011-03-28,273.59999999999997
2011-03-29,274.14166666666665
2011-03-30,274.15
2011-03-31,271.65
2011-04-01,273.7214285714286
2011-04-02,272.33695652173907
2011-04-03,272.0065217391304
2011-04-04,270.83260869565214
2011-04-05,263.8978260869565
2011-04-06,263.64130434782606
2011-04-07,269.6630434782608
2011-04-08,272.4239130434782
2011-04-09,273.7586956521739
2011-04-10,275.6586956521739
2011-04-11,278.9239130434782
2011-04-12,277.24999999999994
2011-04-13,277.1458333333333
2011-04-14,277.075
2011-04-15,278.84166666666664
2011-04-16,280.3065217391304
2011-04-17,279.4065217391304
2011-04-18,276.89347826086953
2011-04-19,276.2543478260869
2011-04-20,274.8375
2011-04-21,275.84999999999997
2011-04-22,277.07173913043476
2011-04-23,279.04166666666663
2011-04-24,280.8978260869565
2011-04-25,282.39347826086953
2011-04-26,283.39347826086953
2011-04-27,283.7326086956522
2011-04-28,284.0239130434782
2011-04-29,281.5065217391304
2011-04-30,278.5239130434782
2011-05-01,279.65416666666664
2011-05-02,281.8847826086956
2011-05-03,284.1586956521739
2011-05-04,284.72391304347826
2011-05-05,285.60217391304343
2011-05-06,280.0369565217391
2011-05-07,278.69347826086954
2011-05-08,276.46304347826083
2011-05-09,275.74583333333334
2011-05-10,277.9586956521739
2011-05-11,277.2978260869565
2011-05-12,276.4458333333333
2011-05-13,278.7934782608695
2011-05-14,281.91521739130434
2011-05-15,284.64130434782606
2011-05-16,285.1543478260869
2011-05-17,281.98043478260865
2011-05-18,280.3282608695652
2011-05-19,277.4108695652174
2011-05-20,275.57916666666665
2011-05-21,276.5630434782608
2011-05-22,278.37916666666666
2011-05-23,280.46304347826083
2011-05-24,280.50217391304346
2011-05-25,279.63695652173914
2011-05-26,279.3891304347826
2011-05-27,278.85434782608695
2011-05-28,280.49782608695654
2011-05-29,280.545652173913
2011-05-30,282.0413043478261
2011-05-31,280.14130434782606
2011-06-01,277.21086956521737
2011-06-02,279.5625
2011-06-03,282.15
2011-06-04,284.13695652173914
2011-06-05,280.86304347826086
2011-06-06,282.05869565217387
2011-06-07,282.2673913043478
2011-06-08,281.2891304347826
2011-06-09,282.20217391304345
2011-06-10,283.2934782608695
2011-06-11,284.5239130434782
2011-06-12,283.63260869565215
2011-06-13,283.07173913043476
2011-06-14,283.2326086956522
2011-06-15,282.83260869565214
2011-06-16,282.33260869565214
2011-06-17,281.7673913043478
2011-06-18,281.15
2011-06-19,281.3804347826087
2011-06-20,283.00217391304346
2011-06-21,284.1891304347826
2011-06-22,283.3978260869565
2011-06-23,283.95
2011-06-24,285.1543478260869
2011-06-25,287.07173913043476
2011-06-26,283.5369565217391
2011-06-27,283.7847826086956
2011-06-28,282.63260869565215
2011-06-29,280.1717391304348
2011-06-30,280.90217391304344
2011-07-01,279.7586956521739
2011-07-02,279.1847826086956
2011-07-03,281.49782608695654
2011-07-04,284.49347826086955
2011-07-05,285.4891304347826
2011-07-06,284.25869565217386
2011-07-07,283.77608695652174
2011-07-08,283.5282608695652
2011-07-09,282.8108695652174
2011-07-10,283.1065217391304
2011-07-11,285.58478260869566
2011-07-12,288.045652173913
2011-07-13,288.45
2011-07-14,285.69782608695647
2011-07-15,282.9282608695652
2011-07-16,283.12391304347824
2011-07-17,283.9239130434782
2011-07-18,284.9760869565217
2011-07-19,283.48043478260865
2011-07-20,281.78043478260867
2011-07-21,283.6282608695652
2011-07-22,285.8891304347826
2011-07-23,286.6666666666667
2011-07-24,287.6065217391304
2011-07-25,287.4065217391304
2011-07-26,283.7375
2011-07-27,281.41956521739127
2011-07-28,284.2847826086956
2011-07-29,285.0369565217391
2011-07-30,283.07173913043476
2011-07-31,282.2065217391304
2011-08-01,282.7282608695652
2011-08-02,284.2978260869565
2011-08-03,286.14130434782606
2011-08-04,286.98913043478257
2011-08-05,287.4891304347826
2011-08-06,287.7625
2011-08-07,287.55
2011-08-08,284.63260869565215
2011-08-09,282.5934782608696
2011-08-10,281.6717391304348
2011-08-11,277.0065217391304
2011-08-12,278.6630434782608
2011-08-13,280.4673913043478
2011-08-14,282.91956521739127
2011-08-15,284.48043478260865
2011-08-16,284.9108695652174
2011-08-17,284.7891304347826
2011-08-18,283.9282608695652
2011-08-19,285.11086956521734
2011-08-20,285.72391304347826
2011-08-21,284.56304347826085
2011-08-22,283.2282608695652
2011-08-23,285.89347826086953
2011-08-24,285.11086956521734
2011-08-25,285.3021739130435
2011-08-26,284.61956521739125
2011-08-27,281.3108695652174
2011-08-28,281.35434782608695
2011-08-29,279.42272727272723
2011-08-30,279.2326086956522
2011-08-31,280.1065217391304
2011-09-01,280.745652173913
2011-09-02,281.945652173913
2011-09-03,283.34130434782605
2011-09-04,282.3108695652174
2011-09-05,283.2978260869565
2011-09-06,282.72391304347826
2011-09-07,283.74130434782603
2011-09-08,283.6847826086956
2011-09-09,283.6673913043478
2011-09-10,282.83260869565214
2011-09-11,282.9239130434782
2011-09-12,283.5978260869565
2011-09-13,283.41521739130434
2011-09-14,283.55869565217387
2011-09-15,284.48043478260865
2011-09-16,277.99782608695654
2011-09-17,276.1804347826087
2011-09-18,277.275
2011-09-19,278.2326086956522
2011-09-20,279.3065217391304
2011-09-21,279.6804347826087
2011-09-22,277.7282608695652
2011-09-23,283.97499999999997
2011-09-24,279.13260869565215
2011-09-25,278.86304347826086
2011-09-26,278.57173913043476
2011-09-27,278.99347826086955
2011-09-28,279.2369565217391
2011-09-29,277.55434782608694
2011-09-30,277.454347826087
2011-10-01,276.2326086956522
2011-10-02,278.6673913043478
2011-10-03,280.9065217391304
2011-10-04,282.1630434782609
2011-10-05,280.7543478260869
2011-10-06,277.4065217391304
2011-10-07,275.55869565217387
2011-10-08,275.5954545454545
2011-10-09,274.0413043478261
2011-10-10,274.5282608695652
2011-10-11,272.7611111111111
2011-10-12,
2011-10-13,
2011-10-14,
2011-10-15,
2011-10-16,
2011-10-17,
2011-10-18,
2011-10-19,
2011-10-20,
2011-10-21,
2011-10-22,
2011-10-23,
2011-10-24,
2011-10-25,
2011-10-26,
2011-10-27,
2011-10-28,
2011-10-29,
2011-10-30,
2011-10-31,
2011-11-01,271.7833333333333
2011-11-02,272.545652173913
2011-11-03,268.05
2011-11-04,270.2586956521739
2011-11-05,272.9673913043478
2011-11-06,273.0978260869565
2011-11-07,277.88043478260863
2011-11-08,275.34565217391304
2011-11-09,271.1152173913043
2011-11-10,270.48043478260865
2011-11-11,269.34130434782605
2011-11-12,270.0760869565217
2011-11-13,272.0195652173913
2011-11-14,273.9369565217391
2011-11-15,268.0978260869565
2011-11-16,266.7326086956522
2011-11-17,268.49347826086955
2011-11-18,270.5152173913043
2011-11-19,271.2978260869565
2011-11-20,270.7326086956522
2011-11-21,270.85869565217394
2011-11-22,273.41956521739127
2011-11-23,273.0804347826087
2011-11-24,273.145652173913
2011-11-25,271.79347826086956
2011-11-26,271.5152173913043
2011-11-27,271.39347826086953
2011-11-28,270.0891304347826
2011-11-29,264.86304347826086
2011-11-30,263.75
2011-12-01,266.5934782608696
2011-12-02,269.56304347826085
2011-12-03,267.4413043478261
2011-12-04,264.0804347826087
2011-12-05,264.8847826086956
2011-12-06,265.2717391304348
2011-12-07,263.40217391304344
2011-12-08,262.145652173913
2011-12-09,265.24130434782603
2011-12-10,262.62391304347824
2011-12-11,262.72391304347826
2011-12-12,264.3108695652174
2011-12-13,262.2934782608695
2011-12-14,261.8369565217391
2011-12-15,258.4369565217391
2011-12-16,259.2543478260869
2011-12-17,258.6847826086956
2011-12-18,260.3717391304348
2011-12-19,261.1891304347826
2011-12-20,258.7326086956522
2011-12-21,259.27173913043475
2011-12-22,259.38913043478254
2011-12-23,258.8369565217391
2011-12-24,258.41363636363633
2011-12-25,259.26304347826084
2011-12-26,263.5282608695652
2011-12-27,264.1630434782608
2011-12-28,264.5891304347826
2011-12-29,264.1760869565217
2011-12-30,263.7543478260869
2011-12-31,260.3804347826087
2012-01-01,257.3333333333333
2012-01-02,260.0625
2012-01-03,261.1875
2012-01-04,261.26666666666665
2012-01-05,261.54166666666663
2012-01-06,260.60217391304343
2012-01-07,260.99583333333334
2012-01-08,260.0083333333333
2012-01-09,259.07916666666665
2012-01-10,259.21666666666664
2012-01-11,258.46666666666664
2012-01-12,258.9083333333333
2012-01-13,260.0333333333333
2012-01-14,263.5541666666666
2012-01-15,262.825
2012-01-16,261.51666666666665
2012-01-17,258.3875
2012-01-18,254.19583333333333
2012-01-19,251.72916666666663
2012-01-20,250.22916666666663
2012-01-21,247.51
2012-01-22,257.90999999999997
2012-01-23,257.1375
2012-01-24,256.0833333333333
2012-01-25,258.96666666666664
2012-01-26,260.96666666666664
2012-01-27,261.325
2012-01-28,255.66666666666663
2012-01-29,259.55833333333334
2012-01-30,264.65416666666664
2012-01-31,262.0333333333333
2012-02-01,258.55
2012-02-02,264.05
2012-02-03,264.5333333333333
2012-02-04,266.3958333333333
2012-02-05,263.21666666666664
2012-02-06,261.6458333333333
2012-02-07,260.87916666666666
2012-02-08,259.37083333333334
2012-02-09,258.0125
2012-02-10,262.09166666666664
2012-02-11,260.7083333333333
2012-02-12,258.47499999999997
2012-02-13,258.3958333333333
2012-02-14,259.06666666666666
2012-02-15,259.22916666666663
2012-02-16,260.49583333333334
2012-02-17,262.9708333333333
2012-02-18,263.4083333333333
2012-02-19,265.4916666666666
2012-02-20,267.12916666666666
2012-02-21,265.26666666666665
2012-02-22,261.64166666666665
2012-02-23,259.9583333333333
2012-02-24,257.00416666666666
2012-02-25,259.5833333333333
2012-02-26,263.16666666666663
2012-02-27,266.28749999999997
2012-02-28,265.5833333333333
2012-02-29,260.8458333333333
2012-03-01,262.69166666666666
2012-03-02,262.2375
2012-03-03,263.5541666666666
2012-03-04,268.34999999999997
2012-03-05,266.30833333333334
2012-03-06,265.74999999999994
2012-03-07,264.3847826086956
2012-03-08,264.1333333333333
2012-03-09,261.80833333333334
2012-03-10,263.41521739130434
2012-03-11,267.49999999999994
2012-03-12,272.53749999999997
2012-03-13,266.45
2012-03-14,267.54999999999995
2012-03-15,267.3625
2012-03-16,271.62916666666666
2012-03-17,271.1791666666666
2012-03-18,271.55
2012-03-19,268.59999999999997
2012-03-20,265.15
2012-03-21,264.4458333333333
2012-03-22,268.43333333333334
2012-03-23,270.7625
2012-03-24,270.65416666666664
2012-03-25,271.66249999999997
2012-03-26,270.74999999999994
2012-03-27,269.3208333333333
2012-03-28,270.05
2012-03-29,272.8375
2012-03-30,276.75833333333327
2012-03-31,277.4
2012-04-01,277.6083333333333
2012-04-02,275.8625
2012-04-03,275.18749999999994
2012-04-04,275.77916666666664
2012-04-05,269.84166666666664
2012-04-06,275.5083333333333
2012-04-07,275.7083333333333
2012-04-08,274.93333333333334
2012-04-09,274.68333333333334
2012-04-10,273.6458333333333
2012-04-11,273.2
2012-04-12,273.8625
2012-04-13,273.02916666666664
2012-04-14,272.6083333333333
2012-04-15,271.34999999999997
2012-04-16,275.12499999999994
2012-04-17,273.36
2012-04-18,280.01
2012-04-19,280.0208333333333
2012-04-20,281.09166666666664
2012-04-21,280.74583333333334
2012-04-22,279.59999999999997
2012-04-23,278.3541666666667
2012-04-24,279.9458333333333
2012-04-25,280.7833333333333
2012-04-26,281.2958333333333
2012-04-27,278.4208333333333
2012-04-28,276.6375
2012-04-29,274.49999999999994
2012-04-30,275.6083333333333
2012-05-01,277.1458333333333
2012-05-02,277.9625
2012-05-03,278.0125
2012-05-04,277.06249999999994
2012-05-05,279.8583333333333
2012-05-06,280.1586956521739
2012-05-07,280.01666666666665
2012-05-08,278.55
2012-05-09,278.84999999999997
2012-05-10,279.575
2012-05-11,281.03749999999997
2012-05-12,279.1083333333333
2012-05-13,278.4166666666667
2012-05-14,279.2208333333333
2012-05-15,277.7958333333333
2012-05-16,277.7208333333333
2012-05-17,280.0208333333333
2012-05-18,281.1791666666666
2012-05-19,278.91249999999997
2012-05-20,277.47916666666663
2012-05-21,276.7416666666666
2012-05-22,277.925
2012-05-23,277.8
2012-05-24,278.99999999999994
2012-05-25,281.0083333333333
2012-05-26,282.3208333333333
2012-05-27,282.2416666666666
2012-05-28,282.74583333333334
2012-05-29,282.3333333333333
2012-05-30,281.25416666666666
2012-05-31,281.4458333333333
2012-06-01,281.5458333333333
2012-06-02,279.05833333333334
2012-06-03,278.52916666666664
2012-06-04,278.77173913043475
2012-06-05,279.8875
2012-06-06,280.56304347826085
2012-06-07,281.8583333333333
2012-06-08,281.675
2012-06-09,281.93333333333334
2012-06-10,281.0875
2012-06-11,280.49999999999994
2012-06-12,280.2083333333333
2012-06-13,281.19583333333327
2012-06-14,282.0833333333333
2012-06-15,281.6375
2012-06-16,279.1958333333333
2012-06-17,281.1791666666666
2012-06-18,282.2375
2012-06-19,284.275
2012-06-20,282.28749999999997
2012-06-21,285.0833333333333
2012-06-22,285.1583333333333
2012-06-23,284.1717391304348
2012-06-24,282.4083333333333
2012-06-25,281.69166666666666
2012-06-26,281.59166666666664
2012-06-27,280.89166666666665
2012-06-28,282.6708333333333
2012-06-29,282.0891304347826
2012-06-30,282.1958333333333
2012-07-01,284.89166666666665
2012-07-02,286.325
2012-07-03,287.06666666666666
2012-07-04,285.1708333333333
2012-07-05,281.4208333333333
2012-07-06,283.15
2012-07-07,284.8666666666666
2012-07-08,285.12083333333334
2012-07-09,284.1958333333333
2012-07-10,285.76666666666665
2012-07-11,281.675
2012-07-12,281.8625
2012-07-13,279.46666666666664
2012-07-14,282.0125
2012-07-15,282.9583333333333
2012-07-16,284.1708333333333
2012-07-17,282.9291666666666
2012-07-18,283.0541666666666
2012-07-19,282.3041666666666
2012-07-20,282.79166666666663
2012-07-21,285.2625
2012-07-22,287.41249999999997
2012-07-23,286.09999999999997
2012-07-24,283.71666666666664
2012-07-25,282.3375
2012-07-26,283.2208333333333
2012-07-27,282.645652173913
2012-07-28,283.3041666666666
2012-07-29,284.2772727272727
2012-07-30,285.82916666666665
2012-07-31,285.8958333333333
2012-08-01,285.075
2012-08-02,284.68333333333334
2012-08-03,282.74999999999994
2012-08-04,283.3833333333333
2012-08-05,284.8041666666666
2012-08-06,285.7333333333333
2012-08-07,287.22916666666663
2012-08-08,285.77916666666664
2012-08-09,285.1630434782608
2012-08-10,285.67499999999995
2012-08-11,286.03749999999997
2012-08-12,286.64166666666665
2012-08-13,284.12083333333334
2012-08-14,283.47499999999997
2012-08-15,284.7208333333333
2012-08-16,285.24583333333334
2012-08-17,286.01666666666665
2012-08-18,288.72916666666663
2012-08-19,287.06249999999994
2012-08-20,286.37083333333334
2012-08-21,286.8958333333333
2012-08-22,288.025
2012-08-23,287.275
2012-08-24,283.77916666666664
2012-08-25,282.72499999999997
2012-08-26,282.68333333333334
2012-08-27,283.275
2012-08-28,284.6583333333333
2012-08-29,283.40416666666664
2012-08-30,283.1041666666667
2012-08-31,284.19166666666666
2012-09-01,286.82916666666665
2012-09-02,287.3333333333333
2012-09-03,285.1875
2012-09-04,283.95
2012-09-05,281.6083333333333
2012-09-06,281.87499999999994
2012-09-07,282.1717391304348
2012-09-08,280.90416666666664
2012-09-09,281.87916666666666
2012-09-10,283.2978260869565
2012-09-11,284.8041666666666
2012-09-12,283.9833333333333
2012-09-13,280.78749999999997
2012-09-14,279.6333333333333
2012-09-15,278.1791666666666
2012-09-16,277.6958333333333
2012-09-17,279.3625
2012-09-18,279.21666666666664
2012-09-19,277.71666666666664
2012-09-20,276.6708333333333
2012-09-21,276.59999999999997
2012-09-22,274.43749999999994
2012-09-23,275.1375
2012-09-24,276.18333333333334
2012-09-25,277.72499999999997
2012-09-26,278.675
2012-09-27,279.49583333333334
2012-09-28,280.8208333333333
2012-09-29,281.47916666666663
2012-09-30,276.7833333333333
2012-10-01,273.53749999999997
2012-10-02,275.06249999999994
2012-10-03,275.94166666666666
2012-10-04,275.6583333333333
2012-10-05,274.4291666666666
2012-10-06,273.57083333333327
2012-10-07,270.7625
2012-10-08,273.0541666666666
2012-10-09,274.7916666666667
2012-10-10,275.79166666666663
2012-10-11,276.31249999999994
2012-10-12,277.0108695652174
2012-10-13,276.4291666666666
2012-10-14,274.8458333333333
2012-10-15,274.9208333333333
2012-10-16,274.79166666666663
2012-10-17,275.2416666666666
2012-10-18,274.15416666666664
2012-10-19,268.09999999999997
2012-10-20,268.66249999999997
2012-10-21,270.8458333333333
2012-10-22,271.25833333333327
2012-10-23,273.34166666666664
2012-10-24,270.59166666666664
2012-10-25,272.7
2012-10-26,274.5083333333333
2012-10-27,273.88333333333327
2012-10-28,272.06666666666666
2012-10-29,273.8541666666667
2012-10-30,274.4708333333333
2012-10-31,277.96666666666664
2012-11-01,277.7625
2012-11-02,275.0125
2012-11-03,276.95416666666665
2012-11-04,275.2833333333333
2012-11-05,271.025
2012-11-06,270.2375
2012-11-07,272.1166666666666
2012-11-08,273.05833333333334
2012-11-09,272.0125
2012-11-10,272.07916666666665
2012-11-11,272.7375
2012-11-12,273.34999999999997
2012-11-13,270.48749999999995
2012-11-14,266.50416666666666
2012-11-15,268.9583333333333
2012-11-16,273.07916666666665
2012-11-17,268.8125
2012-11-18,266.0208333333333
2012-11-19,268.46666666666664
2012-11-20,264.72916666666663
2012-11-21,259.7
2012-11-22,258.09999999999997
2012-11-23,261.1083333333333
2012-11-24,262.3625
2012-11-25,261.50416666666666
2012-11-26,262.5833333333333
2012-11-27,264.2583333333333
2012-11-28,265.0541666666666
2012-11-29,266.55833333333334
2012-11-30,263.0958333333333
2012-12-01,266.2125
2012-12-02,266.71666666666664
2012-12-03,267.37916666666666
2012-12-04,264.76666666666665
2012-12-05,265.6958333333333
2012-12-06,266.68333333333334
2012-12-07,266.98749999999995
2012-12-08,266.9
2012-12-09,265.57916666666665
2012-12-10,264.1791666666666
2012-12-11,265.04999999999995
2012-12-12,264.6791666666666
2012-12-13,263.13333333333327
2012-12-14,259.125
2012-12-15,260.62499999999994
2012-12-16,263.22499999999997
2012-12-17,261.825
2012-12-18,263.60416666666663
2012-12-19,262.1125
2012-12-20,259.15
2012-12-21,254.27916666666667
2012-12-22,262.1125
2012-12-23,268.53749999999997
2012-12-24,264.2375
2012-12-25,265.5416666666667
2012-12-26,263.56666666666666
2012-12-27,258.37083333333334
2012-12-28,258.5208333333333
2012-12-29,257.05
2012-12-30,256.6125
2012-12-31,258.76666666666665
2013-01-01,259.91521739130434
2013-01-02,259.97173913043474
2013-01-03,261.79347826086956
2013-01-04,261.92272727272723
2013-01-05,260.4065217391304
2013-01-06,257.5152173913043
2013-01-07,258.9369565217391
2013-01-08,259.3108695652174
2013-01-09,259.3673913043478
2013-01-10,260.3369565217391
2013-01-11,264.9413043478261
2013-01-12,266.7282608695652
2013-01-13,259.93636363636364
2013-01-14,257.33695652173907
2013-01-15,261.2065217391304
2013-01-16,262.07608695652175
2013-01-17,259.13260869565215
2013-01-18,258.95
2013-01-19,258.5195652173913
2013-01-20,262.07173913043476
2013-01-21,262.06304347826085
2013-01-22,263.34565217391304
2013-01-23,263.05
2013-01-24,261.3021739130435
2013-01-25,265.3108695652174
2013-01-26,265.98043478260865
2013-01-27,266.19347826086954
2013-01-28,267.35434782608695
2013-01-29,266.63695652173914
2013-01-30,267.35434782608695
2013-01-31,266.0195652173913
2013-02-01,268.6804347826087
2013-02-02,269.24999999999994
2013-02-03,267.43260869565216
2013-02-04,266.6543478260869
2013-02-05,268.0065217391304
2013-02-06,264.0108695652174
2013-02-07,260.74130434782603
2013-02-08,264.44565217391306
2013-02-09,264.545652173913
2013-02-10,262.2065217391304
2013-02-11,260.63695652173914
2013-02-12,258.2586956521739
2013-02-13,258.5673913043478
2013-02-14,260.245652173913
2013-02-15,261.0760869565217
2013-02-16,259.8152173913043
2013-02-17,257.9239130434782
2013-02-18,260.9065217391304
2013-02-19,263.13571428571424
2013-02-20,263.21521739130435
2013-02-21,263.1388888888889
2013-02-22,265.9142857142857
2013-02-23,265.8586956521739
2013-02-24,267.2673913043478
2013-02-25,267.9673913043478
2013-02-26,267.545652173913
2013-02-27,267.954347826087
2013-02-28,266.7195652173913
2013-03-01,267.3760869565217
2013-03-02,270.84130434782605
2013-03-03,273.7282608695652
2013-03-04,273.42391304347825
2013-03-05,270.6630434782608
2013-03-06,274.2891304347826
2013-03-07,277.12499999999994
2013-03-08,269.7195652173913
2013-03-09,269.74130434782603
2013-03-10,267.9369565217391
2013-03-11,269.3673913043478
2013-03-12,272.21086956521737
2013-03-13,273.2673913043478
2013-03-14,271.4282608695652
2013-03-15,269.5804347826087
2013-03-16,270.83260869565214
2013-03-17,273.8021739130435
2013-03-18,275.5804347826087
2013-03-19,275.7847826086956
2013-03-20,273.9021739130435
2013-03-21,274.27608695652174
2013-03-22,275.3586956521739
2013-03-23,275.00416666666666
2013-03-24,275.6282608695652
2013-03-25,277.8152173913043
2013-03-26,276.7333333333333
2013-03-27,275.34166666666664
2013-03-28,276.81666666666666
2013-03-29,277.5282608695652
2013-03-30,278.10416666666663
2013-03-31,277.25416666666666
2013-04-01,274.4833333333333
2013-04-02,271.55869565217387
2013-04-03,270.98478260869564
2013-04-04,272.69347826086954
2013-04-05,275.1804347826087
2013-04-06,276.62083333333334
2013-04-07,276.825
2013-04-08,276.0708333333333
2013-04-09,276.50416666666666
2013-04-10,277.7291666666667
2013-04-11,278.6673913043478
2013-04-12,280.55
2013-04-13,280.1630434782608
2013-04-14,279.3847826086956
2013-04-15,279.3978260869565
2013-04-16,273.46304347826083
2013-04-17,273.11956521739125
2013-04-18,272.96304347826083
2013-04-19,271.6543478260869
2013-04-20,272.19347826086954
2013-04-21,276.57916666666665
2013-04-22,280.96304347826083
2013-04-23,279.49782608695654
2013-04-24,281.33695652173907
2013-04-25,278.6586956521739
2013-04-26,279.3282608695652
2013-04-27,276.62391304347824
2013-04-28,275.8673913043478
2013-04-29,275.01666666666665
2013-04-30,277.8875
2013-05-01,276.6847826086956
2013-05-02,273.545652173913
2013-05-03,275.7673913043478
2013-05-04,274.71086956521737
2013-05-05,274.6586956521739
2013-05-06,275.18333333333334
2013-05-07,277.16249999999997
2013-05-08,280.3239130434782
2013-05-09,279.97173913043474
2013-05-10,280.62391304347824
2013-05-11,277.41956521739127
2013-05-12,277.5239130434782
2013-05-13,276.77173913043475
2013-05-14,277.5108695652174
2013-05-15,278.22391304347826
2013-05-16,281.9369565217391
2013-05-17,281.5239130434782
2013-05-18,281.95
2013-05-19,281.0413043478261
2013-05-20,279.3152173913044
2013-05-21,278.2891304347826
2013-05-22,276.91666666666663
2013-05-23,278.4083333333333
2013-05-24,277.66363636363633
2013-05-25,277.13695652173914
2013-05-26,277.545652173913
2013-05-27,277.0239130434782
2013-05-28,278.97916666666663
2013-05-29,280.9326086956521
2013-05-30,281.8108695652174
2013-05-31,284.33695652173907
2013-06-01,281.3108695652174
2013-06-02,283.2934782608695
2013-06-03,280.5934782608696
2013-06-04,279.8152173913043
2013-06-05,280.1847826086956
2013-06-06,277.96304347826083
2013-06-07,278.5804347826087
2013-06-08,279.47608695652167
2013-06-09,288.0891304347826
2013-06-10,287.85416666666663
2013-06-11,282.22391304347826
2013-06-12,282.20217391304345
2013-06-13,278.61956521739125
2013-06-14,278.4369565217391
2013-06-15,276.8833333333333
2013-06-16,278.44166666666666
2013-06-17,277.60217391304343
2013-06-18,274.3717391304348
2013-06-19,276.1891304347826
2013-06-20,276.9
2013-06-21,278.21521739130435
2013-06-22,275.71521739130435
2013-06-23,277.77608695652174
2013-06-24,282.6673913043478
2013-06-25,283.8760869565217
2013-06-26,284.7369565217391
2013-06-27,281.6804347826087
2013-06-28,284.4583333333333
2013-06-29,280.5152173913043
2013-06-30,279.6847826086956
2013-07-01,281.0891304347826
2013-07-02,283.78043478260867
2013-07-03,285.8195652173913
2013-07-04,287.3978260869565
2013-07-05,285.97173913043474
2013-07-06,282.3847826086956
2013-07-07,278.8108695652174
2013-07-08,279.4760869565217
2013-07-09,280.6673913043478
2013-07-10,281.00217391304346
2013-07-11,281.33695652173907
2013-07-12,282.98478260869564
2013-07-13,285.53260869565213
2013-07-14,283.93333333333334
2013-07-15,282.44565217391306
2013-07-16,284.1804347826087
2013-07-17,284.1282608695652
2013-07-18,281.945652173913
2013-07-19,281.05869565217387
2013-07-20,284.0065217391304
2013-07-21,284.245652173913
2013-07-22,281.07608695652175
2013-07-23,281.49347826086955
2013-07-24,281.95
2013-07-25,284.0369565217391
2013-07-26,284.99347826086955
2013-07-27,287.86304347826086
2013-07-28,288.98478260869564
2013-07-29,288.79347826086956
2013-07-30,289.0708333333333
2013-07-31,289.74130434782603
2013-08-01,290.2195652173913
2013-08-02,289.55869565217387
2013-08-03,287.4369565217391
2013-08-04,283.65
2013-08-05,284.1152173913043
2013-08-06,287.27608695652174
2013-08-07,287.7282608695652
2013-08-08,282.5891304347826
2013-08-09,284.2891304347826
2013-08-10,285.64166666666665
2013-08-11,282.99782608695654
2013-08-12,282.84130434782605
2013-08-13,281.20217391304345
2013-08-14,281.75
2013-08-15,281.5152173913043
2013-08-16,283.65
2013-08-17,282.44565217391306
2013-08-18,281.7673913043478
2013-08-19,282.145652173913
2013-08-20,283.17173913043473
2013-08-21,283.18749999999994
2013-08-22,284.0108695652174
2013-08-23,286.26304347826084
2013-08-24,283.95
2013-08-25,281.20217391304345
2013-08-26,281.3108695652174
2013-08-27,283.3760869565217
2013-08-28,284.07173913043476
2013-08-29,283.83260869565214
2013-08-30,283.145652173913
2013-08-31,280.8978260869565
2013-09-01,282.00217391304346
2013-09-02,282.74130434782603
2013-09-03,283.0239130434782
2013-09-04,283.2369565217391
2013-09-05,283.2847826086956
2013-09-06,280.34565217391304
2013-09-07,279.98913043478257
2013-09-08,282.03260869565213
2013-09-09,282.50217391304346
2013-09-10,283.6891304347826
2013-09-11,284.1717391304348
2013-09-12,283.2847826086956
2013-09-13,281.5891304347826
2013-09-14,279.7065217391304
2013-09-15,277.11086956521734
2013-09-16,275.5978260869565
2013-09-17,276.2625
2013-09-18,278.22499999999997
2013-09-19,279.91521739130434
2013-09-20,280.8760869565217
2013-09-21,280.3152173913043
2013-09-22,280.3891304347826
2013-09-23,281.53260869565213
2013-09-24,283.245652173913
2013-09-25,281.7586956521739
2013-09-26,279.0541666666666
2013-09-27,282.34565217391304
2013-09-28,280.3195652173913
2013-09-29,280.05
2013-09-30,280.20217391304345
2013-10-01,280.0108695652174
2013-10-02,281.53181818181815
2013-10-03,280.454347826087
2013-10-04,280.7673913043478
2013-10-05,280.1630434782608
2013-10-06,281.84999999999997
2013-10-07,282.6847826086956
2013-10-08,280.6673913043478
2013-10-09,280.84130434782605
2013-10-10,279.745652173913
2013-10-11,274.04166666666663
2013-10-12,273.5108695652174
2013-10-13,274.5282608695652
2013-10-14,278.2326086956522
2013-10-15,277.8666666666666
2013-10-16,276.3375
2013-10-17,274.7673913043478
2013-10-18,275.2208333333333
2013-10-19,275.3847826086956
2013-10-20,275.9
2013-10-21,277.24130434782603
2013-10-22,276.79166666666663
2013-10-23,274.3673913043478
2013-10-24,273.49782608695654
2013-10-25,273.48043478260865
2013-10-26,274.245652173913
2013-10-27,273.8108695652174
2013-10-28,269.74130434782603
2013-10-29,267.48478260869564
2013-10-30,269.3152173913043
2013-10-31,271.1630434782608
2013-11-01,271.70652173913044
2013-11-02,270.63260869565215
2013-11-03,269.2847826086956
2013-11-04,269.245652173913
2013-11-05,269.2673913043478
2013-11-06,271.13695652173914
2013-11-07,271.1152173913043
2013-11-08,269.69347826086954
2013-11-09,263.26304347826084
2013-11-10,262.95
2013-11-11,266.07608695652175
2013-11-12,265.5891304347826
2013-11-13,265.03260869565213
2013-11-14,263.91086956521735
2013-11-15,264.6804347826087
2013-11-16,267.48043478260865
2013-11-17,267.91956521739127
2013-11-18,269.245652173913
2013-11-19,269.34565217391304
2013-11-20,267.6152173913043
2013-11-21,261.41521739130434
2013-11-22,259.45
2013-11-23,260.46363636363634
2013-11-24,264.55434782608694
2013-11-25,267.08478260869566
2013-11-26,266.0978260869565
2013-11-27,266.07173913043476
2013-11-28,265.50217391304346
2013-11-29,267.90217391304344
2013-11-30,270.38913043478254
2013-12-01,268.05434782608694
2013-12-02,271.47173913043474
2013-12-03,270.10217391304343
2013-12-04,267.39347826086953
2013-12-05,269.0934782608696
2013-12-06,265.5369565217391
2013-12-07,268.3108695652174
2013-12-08,268.1760869565217
2013-12-09,267.20217391304345
2013-12-10,264.4369565217391
2013-12-11,265.41521739130434
2013-12-12,267.0978260869565
2013-12-13,265.1847826086956
2013-12-14,265.9760869565217
2013-12-15,268.39347826086953
2013-12-16,269.93260869565216
2013-12-17,266.05434782608694
2013-12-18,264.26304347826084
2013-12-19,259.13260869565215
2013-12-20,257.645652173913
2013-12-21,262.3891304347826
2013-12-22,261.42391304347825
2013-12-23,255.37608695652173
2013-12-24,259.6891304347826
2013-12-25,257.6543478260869
2013-12-26,258.35434782608695
2013-12-27,258.63695652173914
2013-12-28,259.99347826086955
2013-12-29,260.8282608695652
2013-12-30,258.5152173913043
2013-12-31,259.8195652173913
2014-01-01,262.30833333333334
2014-01-02,258.75416666666666
2014-01-03,259.4583333333333
2014-01-04,263.50416666666666
2014-01-05,260.84999999999997
2014-01-06,257.47499999999997
2014-01-07,254.6208333333333
2014-01-08,254.7458333333333
2014-01-09,259.2708333333333
2014-01-10,257.49999999999994
2014-01-11,257.50833333333327
2014-01-12,260.1166666666666
2014-01-13,263.43333333333334
2014-01-14,263.85416666666663
2014-01-15,263.6958333333333
2014-01-16,264.54166666666663
2014-01-17,261.45
2014-01-18,261.05
2014-01-19,264.8458333333333
2014-01-20,264.8
2014-01-21,266.24583333333334
2014-01-22,265.09999999999997
2014-01-23,266.79166666666663
2014-01-24,268.14166666666665
2014-01-25,268.16666666666663
2014-01-26,265.65
2014-01-27,267.68333333333334
2014-01-28,267.4916666666666
2014-01-29,270.3041666666666
2014-01-30,271.5333333333333
2014-01-31,270.40416666666664
2014-02-01,269.12916666666666
2014-02-02,266.8958333333333
2014-02-03,265.07916666666665
2014-02-04,261.69166666666666
2014-02-05,257.71666666666664
2014-02-06,256.05833333333334
2014-02-07,260.9083333333333
2014-02-08,259.68333333333334
2014-02-09,259.7833333333333
2014-02-10,258.67499999999995
2014-02-11,259.5458333333333
2014-02-12,257.9
2014-02-13,258.5208333333333
2014-02-14,260.425
2014-02-15,261.56666666666666
2014-02-16,262.575
2014-02-17,264.2291666666667
2014-02-18,266.5083333333333
2014-02-19,268.3958333333333
2014-02-20,265.9916666666666
2014-02-21,266.45416666666665
2014-02-22,267.54999999999995
2014-02-23,266.4708333333333
2014-02-24,262.09999999999997
2014-02-25,255.57916666666665
2014-02-26,258.20416666666665
2014-02-27,259.97499999999997
2014-02-28,260.77916666666664
2014-03-01,262.81666666666666
2014-03-02,264.84999999999997
2014-03-03,264.17499999999995
2014-03-04,263.4586956521739
2014-03-05,264.27916666666664
2014-03-06,265.8208333333333
2014-03-07,267.5208333333333
2014-03-08,269.4291666666666
2014-03-09,266.93333333333334
2014-03-10,261.99583333333334
2014-03-11,259.6583333333333
2014-03-12,262.075
2014-03-13,267.1791666666666
2014-03-14,272.01666666666665
2014-03-15,271.82916666666665
2014-03-16,272.0458333333333
2014-03-17,272.5125
2014-03-18,273.3875
2014-03-19,271.18333333333334
2014-03-20,273.84999999999997
2014-03-21,270.47916666666663
2014-03-22,269.19166666666666
2014-03-23,272.9708333333333
2014-03-24,275.32916666666665
2014-03-25,271.4791666666667
2014-03-26,271.34999999999997
2014-03-27,271.075
2014-03-28,270.78749999999997
2014-03-29,271.1708333333333
2014-03-30,272.7833333333333
2014-03-31,272.9708333333333
2014-04-01,275.3625
2014-04-02,276.6083333333333
2014-04-03,275.59999999999997
2014-04-04,278.2416666666666
2014-04-05,275.3958333333333
2014-04-06,274.1125
2014-04-07,273.6125
2014-04-08,270.02916666666664
2014-04-09,271.7
2014-04-10,276.40416666666664
2014-04-11,274.24999999999994
2014-04-12,272.69166666666666
2014-04-13,273.7208333333333
2014-04-14,270.2583333333333
2014-04-15,270.3333333333333
2014-04-16,272.16249999999997
2014-04-17,273.6666666666667
2014-04-18,273.9833333333333
2014-04-19,274.71666666666664
2014-04-20,275.34166666666664
2014-04-21,275.80833333333334
2014-04-22,277.4583333333333
2014-04-23,272.81666666666666
2014-04-24,275.9083333333333
2014-04-25,280.91666666666663
2014-04-26,276.80833333333334
2014-04-27,277.72916666666663
2014-04-28,278.44583333333327
2014-04-29,272.6333333333333
2014-04-30,272.25416666666666
2014-05-01,272.09
2014-05-02,
2014-05-03,
2014-05-04,286.6633333333333
2014-05-05,283.275
2014-05-06,282.925
2014-05-07,282.19166666666666
2014-05-08,281.18333333333334
2014-05-09,280.70416666666665
2014-05-10,280.07916666666665
2014-05-11,277.4291666666666
2014-05-12,273.00833333333327
2014-05-13,276.05833333333334
2014-05-14,277.31666666666666
2014-05-15,277.9
2014-05-16,278.2333333333333
2014-05-17,278.14166666666665
2014-05-18,281.8333333333333
2014-05-19,281.825
2014-05-20,277.7416666666666
2014-05-21,278.66666666666663
2014-05-22,279.75
2014-05-23,275.15
2014-05-24,279.99666666666667
2014-05-25,280.2583333333333
2014-05-26,283.1083333333333
2014-05-27,281.8333333333333
2014-05-28,281.76666666666665
2014-05-29,284.06666666666666
2014-05-30,283.72499999999997
2014-05-31,278.025
2014-06-01,277.0833333333333
2014-06-02,276.1041666666667
2014-06-03,274.1583333333333
2014-06-04,273.2833333333333
2014-06-05,277.025
2014-06-06,280.49583333333334
2014-06-07,279.05833333333334
2014-06-08,278.6666666666667
2014-06-09,279.4375
2014-06-10,278.84166666666664
2014-06-11,282.44166666666666
2014-06-12,283.04166666666663
2014-06-13,284.05
2014-06-14,287.24583333333334
2014-06-15,286.49583333333334
2014-06-16,282.43333333333334
2014-06-17,283.20416666666665
2014-06-18,280.9326086956521
2014-06-19,280.76666666666665
2014-06-20,280.19166666666666
2014-06-21,281.10217391304343
2014-06-22,282.1083333333333
2014-06-23,282.04166666666663
2014-06-24,282.34999999999997
2014-06-25,281.6458333333333
2014-06-26,284.4916666666666
2014-06-27,286.19166666666666
2014-06-28,286.5083333333333
2014-06-29,284.575
2014-06-30,285.59166666666664
2014-07-01,287.1791666666666
2014-07-02,282.9833333333333
2014-07-03,283.2708333333333
2014-07-04,282.27916666666664
2014-07-05,281.2333333333333
2014-07-06,282.6041666666667
2014-07-07,283.06249999999994
2014-07-08,279.26666666666665
2014-07-09,281.5208333333333
2014-07-10,284.9625
2014-07-11,287.3041666666666
2014-07-12,287.7083333333333
2014-07-13,284.6375
2014-07-14,281.18333333333334
2014-07-15,282.175
2014-07-16,280.7
2014-07-17,275.93333333333334
2014-07-18,276.9208333333333
2014-07-19,277.47499999999997
2014-07-20,279.76666666666665
2014-07-21,280.0
2014-07-22,282.06249999999994
2014-07-23,284.2958333333333
2014-07-24,282.9208333333333
2014-07-25,281.3041666666666
2014-07-26,282.7
2014-07-27,283.8208333333333
2014-07-28,283.2125
2014-07-29,279.66249999999997
2014-07-30,280.18749999999994
2014-07-31,281.5958333333333
2014-08-01,283.24583333333334
2014-08-02,283.3375
2014-08-03,284.2125
2014-08-04,281.74999999999994
2014-08-05,280.65416666666664
2014-08-06,284.1708333333333
2014-08-07,286.7
2014-08-08,285.6083333333333
2014-08-09,285.10416666666663
2014-08-10,286.56666666666666
2014-08-11,285.8875
2014-08-12,286.9916666666666
2014-08-13,284.6333333333333
2014-08-14,284.56666666666666
2014-08-15,281.24999999999994
2014-08-16,280.15416666666664
2014-08-17,279.0458333333333
2014-08-18,276.3625
2014-08-19,278.6708333333333
2014-08-20,281.85416666666663
2014-08-21,283.1583333333333
2014-08-22,284.6375
2014-08-23,286.26666666666665
2014-08-24,287.6375
2014-08-25,286.80833333333334
2014-08-26,285.19583333333327
2014-08-27,282.9708333333333
2014-08-28,283.51666666666665
2014-08-29,283.31666666666666
2014-08-30,283.66249999999997
2014-08-31,284.1136363636364
2014-09-01,284.62499999999994
2014-09-02,285.8
2014-09-03,284.48749999999995
2014-09-04,279.7125
2014-09-05,280.2208333333333
2014-09-06,280.7083333333333
2014-09-07,280.5708333333333
2014-09-08,281.0083333333333
2014-09-09,281.7208333333333
2014-09-10,281.45
2014-09-11,278.9916666666666
2014-09-12,277.8583333333333
2014-09-13,277.5083333333333
2014-09-14,277.9625
2014-09-15,280.1333333333333
2014-09-16,278.4625
2014-09-17,280.425
2014-09-18,282.24583333333334
2014-09-19,280.2208333333333
2014-09-20,274.825
2014-09-21,275.2708333333333
2014-09-22,277.9083333333333
2014-09-23,278.76666666666665
2014-09-24,278.6458333333333
2014-09-25,277.5833333333333
2014-09-26,277.3333333333333
2014-09-27,280.4083333333333
2014-09-28,279.30833333333334
2014-09-29,277.6083333333333
2014-09-30,278.19166666666666
2014-10-01,277.06249999999994
2014-10-02,277.075
2014-10-03,277.60416666666663
2014-10-04,278.75416666666666
2014-10-05,277.5833333333333
2014-10-06,276.8833333333333
2014-10-07,277.3041666666666
2014-10-08,275.8583333333333
2014-10-09,269.94166666666666
2014-10-10,267.4291666666666
2014-10-11,270.0541666666666
2014-10-12,272.1083333333333
2014-10-13,273.95416666666665
2014-10-14,273.675
2014-10-15,273.1791666666666
2014-10-16,274.87499999999994
2014-10-17,274.4875
2014-10-18,275.80833333333334
2014-10-19,277.97499999999997
2014-10-20,277.07916666666665
2014-10-21,277.25416666666666
2014-10-22,275.8958333333333
2014-10-23,277.06666666666666
2014-10-24,275.34166666666664
2014-10-25,275.00416666666666
2014-10-26,277.12499999999994
2014-10-27,273.14166666666665
2014-10-28,267.09166666666664
2014-10-29,266.0875
2014-10-30,266.7625
2014-10-31,266.7958333333333
2014-11-01,268.74583333333334
2014-11-02,271.22916666666663
2014-11-03,273.8041666666666
2014-11-04,272.9916666666666
2014-11-05,271.4916666666666
2014-11-06,273.1875
2014-11-07,272.62916666666666
2014-11-08,269.8583333333333
2014-11-09,264.52916666666664
2014-11-10,263.00416666666666
2014-11-11,262.6458333333333
2014-11-12,266.5958333333333
2014-11-13,267.7083333333333
2014-11-14,265.0934782608696
2014-11-15,266.8282608695652
2014-11-16,264.87916666666666
2014-11-17,266.6583333333333
2014-11-18,270.3208333333333
2014-11-19,269.74583333333334
2014-11-20,269.6333333333333
2014-11-21,268.87083333333334
2014-11-22,264.14166666666665
2014-11-23,263.1958333333333
2014-11-24,271.47499999999997
2014-11-25,269.53749999999997
2014-11-26,261.22499999999997
2014-11-27,263.4166666666667
2014-11-28,264.16249999999997
2014-11-29,260.8958333333333
2014-11-30,265.825
2014-12-01,265.80833333333334
2014-12-02,264.14166666666665
2014-12-03,267.06666666666666
2014-12-04,266.35416666666663
2014-12-05,262.79166666666663
2014-12-06,264.50416666666666
2014-12-07,265.0083333333333
2014-12-08,256.39166666666665
2014-12-09,256.3208333333333
2014-12-10,255.63333333333333
2014-12-11,255.98749999999998
2014-12-12,257.1586956521739
2014-12-13,260.3583333333333
2014-12-14,256.8833333333333
2014-12-15,257.03749999999997
2014-12-16,258.89166666666665
2014-12-17,266.0833333333333
2014-12-18,265.57272727272726
2014-12-19,267.0875
2014-12-20,266.74583333333334
2014-12-21,265.3958333333333
2014-12-22,263.1791666666666
2014-12-23,263.00416666666666
2014-12-24,262.8847826086956
2014-12-25,265.79166666666663
2014-12-26,264.6375
2014-12-27,261.65
2014-12-28,261.9916666666666
2014-12-29,261.69166666666666
2014-12-30,262.5065217391304
2014-12-31,263.3239130434782
2015-01-01,265.2978260869565
2015-01-02,266.7416666666666
2015-01-03,261.8041666666666
2015-01-04,264.66249999999997
2015-01-05,262.77916666666664
2015-01-06,262.45
2015-01-07,263.52916666666664
2015-01-08,267.94583333333327
2015-01-09,267.68333333333334
2015-01-10,267.87916666666666
2015-01-11,267.27916666666664
2015-01-12,265.54999999999995
2015-01-13,260.9458333333333
2015-01-14,260.9458333333333
2015-01-15,263.2833333333333
2015-01-16,260.325
2015-01-17,259.37499999999994
2015-01-18,262.8833333333333
2015-01-19,263.29166666666663
2015-01-20,266.1282608695652
2015-01-21,264.8666666666666
2015-01-22,264.2958333333333
2015-01-23,265.0458333333333
2015-01-24,263.2583333333333
2015-01-25,260.22916666666663
2015-01-26,259.2208333333333
2015-01-27,257.325
2015-01-28,255.76666666666665
2015-01-29,257.69166666666666
2015-01-30,260.91249999999997
2015-01-31,262.3583333333333
2015-02-01,262.9583333333333
2015-02-02,263.3375
2015-02-03,262.12916666666666
2015-02-04,262.5958333333333
2015-02-05,260.9583333333333
2015-02-06,264.11086956521734
2015-02-07,265.06666666666666
2015-02-08,265.5
2015-02-09,265.5208333333333
2015-02-10,267.8333333333333
2015-02-11,269.075
2015-02-12,271.13333333333327
2015-02-13,267.02916666666664
2015-02-14,264.3208333333333
2015-02-15,267.14166666666665
2015-02-16,270.06666666666666
2015-02-17,268.05
2015-02-18,264.70416666666665
2015-02-19,261.87499999999994
2015-02-20,263.49782608695654
2015-02-21,267.1458333333333
2015-02-22,269.68749999999994
2015-02-23,269.9833333333333
2015-02-24,269.69166666666666
2015-02-25,268.91249999999997
2015-02-26,266.55
2015-02-27,265.1583333333333
2015-02-28,263.74999999999994
2015-03-01,263.3458333333333
2015-03-02,265.5541666666666
2015-03-03,268.12916666666666
2015-03-04,267.7208333333333
2015-03-05,266.0958333333333
2015-03-06,265.7958333333333
2015-03-07,266.1791666666666
2015-03-08,266.87916666666666
2015-03-09,268.50416666666666
2015-03-10,271.85416666666663
2015-03-11,269.4208333333333
2015-03-12,264.5083333333333
2015-03-13,263.24999999999994
2015-03-14,268.3458333333333
2015-03-15,271.15416666666664
2015-03-16,266.95416666666665
2015-03-17,264.7195652173913
2015-03-18,266.95416666666665
2015-03-19,266.6958333333333
2015-03-20,269.29999999999995
2015-03-21,270.6458333333333
2015-03-22,273.1791666666666
2015-03-23,276.09166666666664
2015-03-24,278.12916666666666
2015-03-25,273.04999999999995
2015-03-26,273.6875
2015-03-27,276.93749999999994
2015-03-28,272.27916666666664
2015-03-29,272.0083333333333
2015-03-30,269.30833333333334
2015-03-31,265.7
2015-04-01,268.89166666666665
2015-04-02,269.6583333333333
2015-04-03,269.55
2015-04-04,271.01666666666665
2015-04-05,271.02916666666664
2015-04-06,272.4083333333333
2015-04-07,273.34166666666664
2015-04-08,272.4916666666666
2015-04-09,273.4208333333333
2015-04-10,274.06666666666666
2015-04-11,276.8333333333333
2015-04-12,277.95
2015-04-13,278.53749999999997
2015-04-14,279.37916666666666
2015-04-15,278.1583333333333
2015-04-16,274.34166666666664
2015-04-17,272.04999999999995
2015-04-18,274.15
2015-04-19,273.8375
2015-04-20,275.60416666666663
2015-04-21,276.2375
2015-04-22,276.65
2015-04-23,278.49583333333334
2015-04-24,280.3541666666667
2015-04-25,280.775
2015-04-26,283.1958333333333
2015-04-27,273.2375
2015-04-28,275.21666666666664
2015-04-29,276.91666666666663
2015-04-30,279.3458333333333
2015-05-01,278.9291666666666
2015-05-02,277.9291666666666
2015-05-03,276.4083333333333
2015-05-04,278.50416666666666
2015-05-05,280.0208333333333
2015-05-06,280.275
2015-05-07,281.8666666666666
2015-05-08,283.91666666666663
2015-05-09,282.4583333333333
2015-05-10,281.7583333333333
2015-05-11,284.4625
2015-05-12,278.8875
2015-05-13,279.43749999999994
2015-05-14,279.66249999999997
2015-05-15,281.9291666666666
2015-05-16,281.8333333333333
2015-05-17,279.13333333333327
2015-05-18,276.71666666666664
2015-05-19,278.50833333333327
2015-05-20,279.56249999999994
2015-05-21,280.91666666666663
2015-05-22,278.425
2015-05-23,278.85416666666663
2015-05-24,277.97916666666663
2015-05-25,276.0458333333333
2015-05-26,277.2083333333333
2015-05-27,278.05833333333334
2015-05-28,279.24583333333334
2015-05-29,280.95416666666665
2015-05-30,280.99583333333334
2015-05-31,277.85
2015-06-01,279.1366666666666
2015-06-02,278.94166666666666
2015-06-03,278.50416666666666
2015-06-04,278.2326086956522
2015-06-05,
2015-06-06,
2015-06-07,286.77666666666664
2015-06-08,284.16666666666663
2015-06-09,276.32916666666665
2015-06-10,273.9833333333333
2015-06-11,279.06249999999994
2015-06-12,281.4791666666667
2015-06-13,280.18333333333334
2015-06-14,280.525
2015-06-15,279.1791666666666
2015-06-16,278.87083333333334
2015-06-17,279.7208333333333
2015-06-18,282.12499999999994
2015-06-19,284.8625
2015-06-20,283.4208333333333
2015-06-21,282.09999999999997
2015-06-22,281.65
2015-06-23,282.71666666666664
2015-06-24,282.59166666666664
2015-06-25,282.175
2015-06-26,280.93333333333334
2015-06-27,281.09999999999997
2015-06-28,281.78749999999997
2015-06-29,282.425
2015-06-30,284.025
2015-07-01,285.4291666666666
2015-07-02,285.10416666666663
2015-07-03,286.2833333333333
2015-07-04,287.39166666666665
2015-07-05,285.7083333333333
2015-07-06,284.4583333333333
2015-07-07,285.72499999999997
2015-07-08,286.91666666666663
2015-07-09,287.06666666666666
2015-07-10,284.5625
2015-07-11,284.8
2015-07-12,287.7625
2015-07-13,288.49347826086955
2015-07-14,288.5833333333333
2015-07-15,290.3375
2015-07-16,291.60416666666663
2015-07-17,291.67499999999995
2015-07-18,290.8583333333333
2015-07-19,288.59999999999997
2015-07-20,291.4708333333333
2015-07-21,293.2291666666667
2015-07-22,290.1708333333333
2015-07-23,290.3375
2015-07-24,290.76666666666665
2015-07-25,288.87916666666666
2015-07-26,287.0833333333333
2015-07-27,288.47499999999997
2015-07-28,289.10416666666663
2015-07-29,287.45416666666665
2015-07-30,285.85416666666663
2015-07-31,285.2583333333333
2015-08-01,282.954347826087
2015-08-02,283.8666666666666
2015-08-03,284.26666666666665
2015-08-04,284.51666666666665
2015-08-05,285.31249999999994
2015-08-06,286.2708333333333
2015-08-07,284.84999999999997
2015-08-08,283.92499999999995
2015-08-09,282.2416666666666
2015-08-10,283.57083333333327
2015-08-11,280.55833333333334
2015-08-12,282.4458333333333
2015-08-13,284.43333333333334
2015-08-14,281.21666666666664
2015-08-15,280.1166666666666
2015-08-16,284.0833333333333
2015-08-17,284.62083333333334
2015-08-18,285.47916666666663
2015-08-19,286.14166666666665
2015-08-20,285.87499999999994
2015-08-21,286.4875
2015-08-22,284.65416666666664
2015-08-23,280.53749999999997
2015-08-24,280.62083333333334
2015-08-25,283.43333333333334
2015-08-26,281.5333333333333
2015-08-27,280.49999999999994
2015-08-28,281.09999999999997
2015-08-29,279.7958333333333
2015-08-30,278.6375
2015-08-31,279.3458333333333
2015-09-01,280.0416666666667
2015-09-02,282.30833333333334
2015-09-03,281.0875
2015-09-04,279.62391304347824
2015-09-05,279.70416666666665
2015-09-06,278.7125
2015-09-07,277.2333333333333
2015-09-08,277.53749999999997
2015-09-09,279.75416666666666
2015-09-10,279.72499999999997
2015-09-11,283.2833333333333
2015-09-12,284.0333333333333
2015-09-13,282.0958333333333
2015-09-14,278.6791666666666
2015-09-15,278.19166666666666
2015-09-16,278.8666666666666
2015-09-17,279.96666666666664
2015-09-18,280.87916666666666
2015-09-19,279.05
2015-09-20,275.0125
2015-09-21,276.8666666666666
2015-09-22,278.14166666666665
2015-09-23,277.04166666666663
2015-09-24,278.20416666666665
2015-09-25,276.8875
2015-09-26,276.20416666666665
2015-09-27,276.7
2015-09-28,273.65
2015-09-29,272.34999999999997
2015-09-30,272.02777777777777
2015-10-01,279.8433333333333
2015-10-02,276.65416666666664
2015-10-03,278.0958333333333
2015-10-04,277.89166666666665
2015-10-05,277.9208333333333
2015-10-06,276.6791666666666
2015-10-07,278.3375
2015-10-08,278.9625
2015-10-09,280.05833333333334
2015-10-10,281.25416666666666
2015-10-11,280.17499999999995
2015-10-12,277.3458333333333
2015-10-13,276.70416666666665
2015-10-14,277.35416666666663
2015-10-15,274.69166666666666
2015-10-16,277.64166666666665
2015-10-17,277.9916666666666
2015-10-18,276.30833333333334
2015-10-19,273.2083333333333
2015-10-20,272.1791666666666
2015-10-21,272.16249999999997
2015-10-22,274.5958333333333
2015-10-23,270.8041666666666
2015-10-24,267.3625
2015-10-25,268.7416666666666
2015-10-26,272.1958333333333
2015-10-27,272.425
2015-10-28,272.2833333333333
2015-10-29,272.11
2015-10-30,277.8566666666666
2015-10-31,276.2208333333333
2015-11-01,277.45
2015-11-02,271.1166666666666
2015-11-03,267.41249999999997
2015-11-04,267.8833333333333
2015-11-05,267.04166666666663
2015-11-06,268.06666666666666
2015-11-07,268.31666666666666
2015-11-08,268.2291666666667
2015-11-09,268.4583333333333
2015-11-10,269.44583333333327
2015-11-11,271.26666666666665
2015-11-12,273.7
2015-11-13,272.76666666666665
2015-11-14,267.12499999999994
2015-11-15,266.9208333333333
2015-11-16,267.18333333333334
2015-11-17,268.9833333333333
2015-11-18,270.93749999999994
2015-11-19,274.2916666666667
2015-11-20,273.7958333333333
2015-11-21,271.80833333333334
2015-11-22,270.525
2015-11-23,266.575
2015-11-24,265.1583333333333
2015-11-25,266.7125
2015-11-26,267.06249999999994
2015-11-27,267.09999999999997
2015-11-28,269.16666666666663
2015-11-29,271.39166666666665
2015-11-30,268.55833333333334
2015-12-01,268.26666666666665
2015-12-02,268.09166666666664
2015-12-03,268.925
2015-12-04,270.82916666666665
2015-12-05,272.4083333333333
2015-12-06,270.3
2015-12-07,266.3875
2015-12-08,269.2375
2015-12-09,270.32083333333327
2015-12-10,266.22499999999997
2015-12-11,260.59999999999997
2015-12-12,255.46249999999998
2015-12-13,256.71086956521737
2015-12-14,258.45
2015-12-15,258.26666666666665
2015-12-16,257.64166666666665
2015-12-17,258.53749999999997
2015-12-18,262.79166666666663
2015-12-19,261.9583333333333
2015-12-20,263.54166666666663
2015-12-21,259.4583333333333
2015-12-22,263.41249999999997
2015-12-23,260.75416666666666
2015-12-24,260.93333333333334
2015-12-25,265.94583333333327
2015-12-26,262.9916666666666
2015-12-27,263.1375
2015-12-28,261.77916666666664
2015-12-29,266.3208333333333
2015-12-30,267.25416666666666
2015-12-31,267.2375
2016-01-01,266.04999999999995
